,avgSpeed,sdSpeed,maxAccelX,maxAccelY,maxAccelZ,maxGyroX,maxGyroY,maxGyroZ,meanAccelX,meanAccelY,meanAccelZ,meanGyroX,meanGyroY,meanGyroZ,sdAccelX,sdAccelY,sdAccelZ,sdGyroX,sdGyroY,sdGyroZ,pothole
0,0.0,0.0,0.217666625977,-0.946929931641,0.212097167969,0.0329595479669,0.0487339837357,0.107899303145,0.069482421875,-0.957383728027,0.196162414551,-0.00436337639321,-0.0046499325265,0.0127618945753,0.0557300765492,0.00874667025427,0.0144098904089,0.0174007224664,0.0331251345834,0.0339172088105,False
1,0.0479999989271,0.101192882864,0.0785064697266,-0.933135986328,0.271774291992,-0.00317954802545,0.00966061685426,0.00726803293094,0.0668655395508,-0.9525390625,0.212300109863,-0.0141437556017,-0.000546507287295,-0.00174271935413,0.00692779812943,0.0133113463981,0.0490568594686,0.00710688513632,0.00532373578767,0.00504638246141,False
2,0.225999993086,0.0800277702889,0.0674438476562,-0.946182250977,0.209808349609,-0.00633379602054,0.00544163705536,0.00204450876885,0.0622268676758,-0.958866882324,0.180102539063,-0.0132972964808,-0.000871093360954,-0.00151997256055,0.00453127776289,0.00701504671895,0.0209263038433,0.00369475551701,0.00402172621294,0.00252943182178,False
3,0.0569999992847,0.180249824368,0.101135253906,-0.910705566406,0.368362426758,0.0032314796667,0.0086475503756,0.00529116845377,0.0846282958984,-0.923638916016,0.314431762695,-0.00903384189171,-0.00185630317462,-0.00232675058118,0.00886803865666,0.0120398285552,0.052291806644,0.00812630678983,0.00632123375254,0.00497800644985,False
4,1.28899999857,0.661688931898,0.110000610352,-0.890090942383,0.365234375,-0.00538624330469,0.0597397632565,0.0158157147657,0.0785491943359,-0.921405029297,0.333850097656,-0.0178772677655,0.019687791201,-0.0057781540907,0.0243626336846,0.0170524730501,0.0215171972653,0.00654942888099,0.0226486220366,0.016374415909,False
5,4.35200014114,1.68069963469,0.166305541992,-0.799621582031,0.427749633789,0.0628141164189,0.00437291050991,0.102189752084,0.037158203125,-0.90087890625,0.351504516602,-0.00904516032635,-0.0571618765846,0.0459021113906,0.0851079109243,0.0450109931589,0.0366059425942,0.0412931583479,0.0431263156566,0.0352570183306,False
6,7.83399982452,1.47212746529,0.120223999023,-0.863433837891,0.461563110352,0.112320416871,-0.003742806596,0.253600313751,0.0186462402344,-0.927206420898,0.333656311035,0.0170256687437,-0.0655213528251,0.0505620840344,0.0686768738791,0.0312713172843,0.0548833433394,0.0477947371866,0.0828246546955,0.0735921906166,False
7,9.52999992371,0.629020325608,0.123641967773,-0.869659423828,0.355087280273,0.0191686345781,0.0360876969833,0.0652932530777,0.0309371948242,-0.925369262695,0.286401367187,-0.00298473779171,-0.0279550688045,0.00825143179506,0.0670440204112,0.0309584063423,0.0394797276886,0.0192851057518,0.054712854584,0.0419088462808,False
8,11.7229999542,0.370706774291,0.12825012207,-0.853744506836,0.330764770508,0.0598220549342,0.0549247680057,0.0783486013735,0.0734909057617,-0.929707336426,0.278359985352,-0.00962999050173,-0.00897922045775,-0.00156812251306,0.0685984439001,0.0519656326868,0.0422213087285,0.0556166016726,0.0707518727819,0.0419812573751,False
9,12.48700037,0.15888837637,0.299819946289,-0.918167114258,0.324020385742,0.0201904894883,0.215428959531,0.0333006989026,0.10389251709,-0.967098999023,0.258038330078,-0.040478557199,0.0475931387879,-0.0352958326648,0.0887690271132,0.0344462166345,0.0506261934181,0.0455645206028,0.0795388611794,0.0522154752104,False
10,12.8429998398,0.0853816415821,0.218154907227,-0.875854492188,0.354888916016,0.0638879029705,0.274971382551,0.0543034525234,0.148371887207,-0.94095916748,0.244444274902,-0.0176931368077,0.101695629175,-0.0288048835084,0.0460179539575,0.0471164316344,0.0461620783263,0.0474492560323,0.0758841133471,0.0601265454858,False
11,13.3009998322,0.222133298711,0.250396728516,-0.872741699219,0.409484863281,0.06246976969,0.175438133654,0.0902657146194,0.129122924805,-0.951528930664,0.284811401367,-0.0139600507497,0.0257275476055,0.00693431221474,0.0639152260804,0.0634942026977,0.0577627784221,0.0387746530457,0.0596685749564,0.0587288440955,False
12,13.8049996376,0.17958283875,0.119430541992,-0.889266967773,0.297912597656,0.0566398437477,0.194368415314,0.110134494248,0.0181411743164,-0.925761413574,0.229425048828,0.0110234362789,-0.012621599249,0.012406895202,0.0628400270527,0.0290354990569,0.0523781094892,0.0260805728106,0.0893916827603,0.0709989234798,False
13,13.9059999466,0.217163344777,0.154067993164,-0.892776489258,0.277877807617,0.0460404626092,0.0358671872451,0.155737665806,-0.0388488769531,-0.943887329102,0.245629882813,-0.0132876292061,-0.0546864683513,0.0537422712185,0.113914505842,0.0387417213358,0.0267221534571,0.0292290945182,0.0822249352608,0.0720543245638,False
14,13.381000042,0.0566570196732,0.418609619141,-0.736679077148,0.30729675293,0.0395783022241,0.0677425623322,0.175696726596,-0.0178100585937,-0.903198242187,0.242352294922,-0.0109466307131,-0.0321625437475,-0.0191143060918,0.214551572832,0.0920346190672,0.0586143611049,0.0490849971625,0.0908274910816,0.0894981824845,False
15,13.2539997101,0.0935946771052,0.182754516602,-0.908813476562,0.268280029297,0.0599573435176,0.0811840689861,0.0725349207138,0.0715957641602,-0.950903320313,0.227262878418,-0.0161155600728,0.00446439009335,-0.0105187938839,0.0678357534124,0.0266432635656,0.0455549667124,0.0323863395213,0.0523903021527,0.0482577212635,False
16,12.4270003319,0.615396097455,0.18896484375,-0.927536010742,0.217071533203,0.0866882903271,0.117215040638,0.0725668786469,0.0802505493164,-0.994409179687,0.157481384277,-0.00120417491849,0.00160269034401,-0.0044945637085,0.0574826877286,0.0512087381807,0.0265368090477,0.0382863682542,0.055784494717,0.03939173576,False
17,10.1120000839,0.994404357259,0.151229858398,-0.893112182617,0.188842773438,0.0612929188043,0.0857631081644,0.0504349447239,0.0554382324219,-0.985874938965,0.096842956543,-0.00404709938215,-0.00688720089505,0.00402795125391,0.0665564248453,0.0407572688183,0.0523414118889,0.0446703651448,0.0397205091008,0.0239006737263,False
18,6.62300007343,1.36419338351,0.0850067138672,-0.965057373047,0.111373901367,0.00609677468352,0.00974290853195,0.016080432978,0.0508026123047,-0.996215820313,0.0497131347656,-0.014583763077,-0.00437320345763,-0.00280356294275,0.025526970779,0.0226751081863,0.0364695677875,0.0170776217612,0.0151051596105,0.0118900310597,False
19,2.98300008774,0.782759380207,0.118469238281,-0.870300292969,0.380249023438,0.00445999587756,0.0480785797914,-4.02137324602e-05,0.0852508544922,-0.940591430664,0.250993347168,-0.0164905065227,0.00585043228269,-0.00572824645187,0.0275244861005,0.0403578437285,0.118293062676,0.0140278110285,0.0234797007154,0.00488721599418,False
20,3.13300001621,0.929229639855,0.244049072266,-0.82405090332,0.464141845703,0.0465243589792,0.141724911099,0.111697503492,0.112413024902,-0.899223327637,0.413226318359,-0.0043162118103,0.0123664684166,-0.00466082485536,0.0686858489172,0.0442131020473,0.0313048864206,0.0347876825678,0.0894638525455,0.0632958177629,False
21,5.80800004005,0.719935240735,0.227081298828,-0.864181518555,0.450576782227,0.185448689875,0.114164123293,0.0867657883148,0.078157043457,-0.932437133789,0.398376464844,0.0217923276208,-0.00333150799725,0.00876142714381,0.0991833966688,0.0363103973153,0.059054339744,0.0817265963446,0.0841153955126,0.0546790264419,False
22,7.96799983978,0.806223088294,0.115432739258,-0.800186157227,0.469345092773,0.0489198723798,0.0630111903396,0.0672514754272,-0.00611114501953,-0.894984436035,0.376661682129,-0.0182197236501,-0.0275367394605,0.00894734241951,0.0758237451172,0.0443402930815,0.0430085242844,0.0455846513393,0.0463393906674,0.0344307260734,False
23,11.0209999084,0.870177869102,0.125427246094,-0.902648925781,0.308975219727,0.0202184526798,0.119398033784,0.0277940807166,0.0768371582031,-0.947947692871,0.240615844727,-0.0213826801819,0.0182161816458,-0.0382231527034,0.0408549106891,0.0379774458787,0.0433952854895,0.0274380346215,0.0517396314758,0.0430702364261,False
24,11.2099999428,0.620215123773,0.19889831543,-0.937393188477,0.199859619141,0.0276332257868,0.16053055682,0.0713032087097,0.0614013671875,-0.966329956055,0.1193359375,-0.0207467705768,0.00545255601583,-0.00619728238306,0.0799926874497,0.0226747843961,0.0471892419033,0.0512440433685,0.0658229903994,0.0605453852895,False
25,8.01700000763,1.61185919441,0.0630340576172,-0.947830200195,0.221420288086,0.00887205485549,0.0158953432822,0.0609757363185,0.0375854492187,-1.00332946777,0.0502410888672,-0.0199964782029,-0.0117811588722,0.0150725330319,0.0316209170171,0.0271940559686,0.0686189582824,0.0200357932112,0.0303048042776,0.0253331688517,False
26,4.33200004101,0.56191744369,0.163101196289,-0.86506652832,0.537475585938,0.0821191048448,0.0222741467252,0.0864219742181,0.0468185424805,-0.917362976074,0.382633972168,-0.00720558180337,-0.0244174854021,0.0073461168141,0.0593056253132,0.0330608317446,0.0986555527685,0.041023452387,0.046511233233,0.0424193192456,False
27,6.09400005341,1.08530788474,0.366500854492,-0.665954589844,0.431579589844,0.108700382001,0.204570985451,0.0631137220416,0.141664123535,-0.875755310059,0.380226135254,-0.0494098141255,0.0486060188453,-0.0512764769968,0.0981481862613,0.0887580235014,0.0482238182271,0.0830382467202,0.0722505919096,0.0820776510249,False
28,9.48399982452,1.24785349987,0.24446105957,-0.840225219727,0.476852416992,0.0922617538564,0.134084568247,0.097809118407,0.0700576782227,-0.921360778809,0.416290283203,-0.0234184005192,-0.00729072306342,0.0185444162502,0.104157070138,0.0493513603735,0.0440912625231,0.0769124031994,0.104244746515,0.0605737630854,False
29,12.0140001297,0.745597284692,0.0654602050781,-0.87043762207,0.394958496094,0.0552616578836,0.0477470162357,0.0881506320816,-0.0220642089844,-0.923432922363,0.36227722168,-0.00509201726745,-0.0257063754749,0.015580930484,0.064285125197,0.0460072244136,0.0300192551678,0.0452598935206,0.0773398358555,0.0429679607045,False
30,13.7249998093,0.331704514611,0.0588226318359,-0.867324829102,0.323684692383,0.0589293633368,0.0800277244408,0.0772561726943,-0.00454254150391,-0.923443603516,0.278123474121,-0.0106109392576,-0.0187584012437,0.00249868426116,0.0640771315642,0.034864087189,0.0367702564845,0.0477574199246,0.0747877763204,0.0548114151574,False
31,14.3250001907,0.059860886261,0.232757568359,-0.831604003906,0.327789306641,0.0405892381739,0.0705774973126,0.081753186511,0.0613189697266,-0.926779174805,0.231121826172,-0.032388992335,0.00988783775847,-0.0167768229715,0.0927612776902,0.0502403817657,0.04672694213,0.0449896300694,0.0564672196668,0.0467074267164,False
32,14.4330001831,0.145910768074,0.116638183594,-0.865173339844,0.34065246582,0.0859713673616,0.0826163170203,0.200513393214,0.0331939697266,-0.934266662598,0.256329345703,-0.0192265583318,0.00852986528703,0.00884395850599,0.0567360395878,0.0483860114633,0.0386126931308,0.0516834671456,0.053450367136,0.0735809992625,False
33,14.9549999237,0.144625930887,0.109786987305,-0.853164672852,0.270874023438,0.00680331132072,0.0735040450345,0.053122606896,0.013037109375,-0.925378417969,0.228392028809,-0.0235757933396,-0.00612388566342,-0.00811555731624,0.0522994411798,0.0415130718557,0.0369901599698,0.0270343711932,0.048152891044,0.0456224370029,False
34,14.709999752,0.333999193801,0.116012573242,-0.912170410156,0.192504882812,0.0394904179081,0.107486779492,0.0551756377804,0.0358520507813,-0.969244384766,0.145341491699,-0.00803419774494,0.0195168428906,-0.00919544250666,0.0534554281201,0.0406760192653,0.0226337669456,0.0337324784124,0.0511078364677,0.0359739131103,False
35,12.938999939,0.98995481909,0.153198242188,-0.928924560547,0.09814453125,0.0518418927278,0.0532597596922,0.123412482811,0.0260009765625,-1.00399169922,0.0332183837891,-0.0118149011232,-0.0102396946017,0.00950138645269,0.0706051597688,0.0434011972193,0.0466263171342,0.0420844123974,0.042559304994,0.0476844087481,False
36,9.23000006676,1.59947885828,0.0628356933594,-0.97151184082,0.0109710693359,0.0253125472129,0.0852496507062,0.0299232780081,0.0194763183594,-1.00581359863,-0.0322052001953,-0.0111769408841,-0.00184096336674,0.00639422314567,0.0564396598909,0.0214430056711,0.0277394202095,0.0148003394705,0.0528185257603,0.0257354160836,False
37,4.42500013113,1.34619843349,0.0348358154297,-0.974914550781,0.0191040039062,-0.00623792222129,0.0330951028664,0.0435597280538,0.0138549804688,-1.01606140137,-0.00627288818359,-0.0191386740158,0.00384749545845,-9.92560138273e-05,0.0167690844394,0.0179727624707,0.0142304067265,0.00745317964796,0.0172402173924,0.020807233866,False
38,0.711999979615,0.841965926342,0.0487976074219,-0.940185546875,0.237609863281,-0.00357502744732,-0.00100933805314,0.0149507200436,0.0385070800781,-0.966851806641,0.177731323242,-0.0123035379201,-0.00662131089182,0.000530847900085,0.0107592081802,0.0174948746029,0.0487567283202,0.00409270411092,0.00613842308956,0.00562310505375,False
39,0.338999998569,0.0657351630731,0.0689086914062,-0.957794189453,0.20832824707,-0.00440540107521,-0.0020516993038,0.0144095657101,0.0433181762695,-0.965928649902,0.197418212891,-0.017742325393,-0.00754327062959,0.000584164385109,0.0099093078022,0.012800976077,0.00521911558043,0.0149375831167,0.00955651769501,0.00568508512501,False
40,0.0759999990463,0.0981155768727,0.0617523193359,-0.944320678711,0.225341796875,-0.0102105596194,0.019209913575,0.000929176904329,0.0435531616211,-0.960739135742,0.19842376709,-0.0136149849673,-0.0027839088139,-0.00269112428153,0.00652129159081,0.00588329167108,0.00962785779276,0.00175016847686,0.0078569090735,0.00665991341713,False
41,0.201000006497,0.178913393892,0.0535278320312,-0.9345703125,0.271270751953,-0.00207220564419,0.00430100516048,0.0052181978399,0.0430145263672,-0.957316589355,0.206735229492,-0.013219052808,-0.00150955960069,0.000188418647123,0.00858036742849,0.0150659644801,0.0535997859961,0.00587579827717,0.00313593658014,0.0041723537222,False
42,0.690000009537,0.745654088402,0.246215820312,-0.892333984375,0.381134033203,0.0543287525537,0.377249817899,-0.00759853122221,0.15498046875,-0.921670532227,0.338589477539,0.0019124426104,0.181873316217,-0.0634630222501,0.0659825012271,0.0296816427256,0.0345297805395,0.0308403814139,0.14308746943,0.0453494360174,False
43,3.55099995136,0.857340137535,0.445770263672,-0.769287109375,0.460556030273,0.0219558989749,0.60490428473,-0.0447040883742,0.259602355957,-0.867559814453,0.355178833008,-0.0530492634396,0.474950971755,-0.158928771951,0.0982930142122,0.0646854514605,0.0477284802359,0.0479337700001,0.0643160726592,0.0685878676787,False
44,6.72300004959,1.02239434019,0.317260742188,-0.671051025391,0.488006591797,0.0313115838844,0.34816090826,0.127184051547,0.157446289063,-0.88860168457,0.344207763672,-0.0667370325995,0.222308836733,-0.10627906257,0.123839705167,0.0980435717758,0.0851321450219,0.0900638596102,0.117870003695,0.0995254078966,False
45,8.75200004578,0.26951806102,0.254409790039,-0.84635925293,0.312911987305,0.0879210675957,0.0845247382575,0.165576181821,0.0661422729492,-0.928866577148,0.228746032715,-0.013863591055,-0.0103324525025,0.0112932144973,0.0776793241889,0.0595553513971,0.0458354040569,0.0645625744379,0.0764534214896,0.0727216931226,False
46,8.35800032616,0.411577008408,0.16845703125,-0.887939453125,0.223434448242,0.0839415059788,0.185369593991,0.118252075567,0.0445220947266,-0.971397399902,0.109469604492,0.0218440462092,0.0187873764364,-0.0294655871432,0.112060234247,0.0543105769698,0.154288978784,0.0536660617339,0.115825540523,0.0846478895093,False
47,6.21699995995,1.0720908912,0.278366088867,-0.898147583008,0.123840332031,0.0409618144104,0.141900946047,0.076119269225,0.0703369140625,-0.983355712891,0.0724395751953,-0.0141200268364,0.0281722495914,-0.0110926518356,0.102040896274,0.0553638908819,0.0585849601722,0.0472886819914,0.0791086014664,0.0594396223619,False
48,3.13299991488,1.04513740789,0.0470428466797,-0.968307495117,0.135192871094,0.0021374530909,0.0235918788326,0.0318157202787,0.0323455810547,-1.00182800293,0.0632186889648,-0.01624264612,0.00106374643421,0.0046289201855,0.0116472908892,0.0234096257589,0.0536395699132,0.0140908660535,0.010092378856,0.0117885458072,False
49,0.398999990523,0.267683467802,0.0557556152344,-0.943267822266,0.272766113281,0.0029771477826,0.00221628265916,0.0192309525476,0.0456420898437,-0.959982299805,0.204077148437,-0.0102872053955,-0.00557053405212,0.00161499414825,0.00856456557398,0.0163293524914,0.0515227855638,0.0059274400681,0.00905977030748,0.00779386750753,False
50,0.159999999404,0.0596284802885,0.0579376220703,-0.948226928711,0.234817504883,-0.0106726180685,0.00222959846461,0.00200349608807,0.049967956543,-0.953659057617,0.230534362793,-0.0130180906721,-0.0042766372365,-0.000442111372564,0.00377120284833,0.00278560096409,0.00285692319649,0.0015469168665,0.00253337203747,0.00242592537017,False
51,0.0,0.0,0.0518646240234,-0.951385498047,0.236251831055,-0.0128087395788,-0.00310764267601,0.000945688503087,0.0496231079102,-0.953257751465,0.231793212891,-0.0133502933865,-0.00480623345088,0.000195582550455,0.00141290948817,0.00120547760007,0.0021724095651,0.000561078896109,0.00143654202016,0.000716124784125,False
52,0.111000002921,0.0959687470176,0.0522155761719,-0.951507568359,0.234802246094,-0.0117373498723,-0.00415746077772,0.000945688503087,0.0500030517578,-0.953169250488,0.2314453125,-0.0135573807929,-0.00480495513355,-0.000233026595382,0.00128167772907,0.00123711154464,0.00192526981147,0.0010128867752,0.000743988369242,0.000783720955256,False
53,0.0839999973774,0.108443530308,0.0531616210938,-0.95085144043,0.235855102539,-0.0128153974816,-0.00309379423835,0.000943025341997,0.050129699707,-0.953524780273,0.231785583496,-0.0141952877688,-0.00448167400883,-0.000133770581555,0.00206572484702,0.001636272237,0.00229916023373,0.00071785678519,0.00112600542933,0.00100640759363,False
54,0.0,0.0,0.0540924072266,-0.951202392578,0.236068725586,-0.0106952549378,-0.00308713633562,0.000959270624647,0.0503189086914,-0.954664611816,0.23231048584,-0.0137747213694,-0.00480349039495,8.46086278318e-05,0.00185976548752,0.00182311775029,0.00242793339348,0.00196584372165,0.00103669301998,0.000455733848222,False
55,0.0,0.0,0.0530242919922,-0.951507568359,0.239532470703,-0.0117506656778,-0.00310098477329,0.000953944302466,0.0498779296875,-0.953617858887,0.233012390137,-0.0140873498498,-0.00448239306232,-0.000239285023944,0.00253058632639,0.00209132699926,0.00314199385076,0.00139958419539,0.000870662324547,0.00106613583766,False
56,0.020000000298,0.0632455541458,0.0649871826172,-0.92741394043,0.279693603516,-0.00094488955476,0.00425999247969,0.00302055730837,0.0509078979492,-0.951193237305,0.233636474609,-0.0142943040981,-0.00309816182253,7.4888089853e-05,0.00718334512849,0.0165396642831,0.0446304548251,0.00723495882043,0.00346043472639,0.00280395681898,False
57,0.0800000011921,0.103279557438,0.0849914550781,-0.936599731445,0.244216918945,-0.00957725991214,0.00857537871006,0.00733088353266,0.0559371948242,-0.954307556152,0.226760864258,-0.0132480812639,-0.00576427902142,-1.41413853883e-05,0.012914280127,0.0102483498439,0.0115596380429,0.00325561674815,0.00722003034753,0.00565230905909,False
58,0.170000004768,0.537587217308,0.0930328369141,-0.861221313477,0.467575073242,0.00517319041748,0.0138239365864,0.0179768699903,0.0669128417969,-0.910887145996,0.373829650879,-0.00669982088076,-0.00240328983091,-0.0019815782723,0.0144669286434,0.0294886971279,0.0901717499652,0.00861292120115,0.011882159603,0.0117202004948,False
59,3.01600000858,1.33141691989,0.163299560547,-0.861236572266,0.495742797852,0.0655379975819,0.0415311982515,0.0787352923638,0.0573883056641,-0.890010070801,0.449984741211,0.00235729703888,-0.0173519059772,0.0127568612008,0.0671196045435,0.023391534017,0.0427688253578,0.0328628465208,0.0432315320225,0.0462401968382,False
60,6.85999999046,1.01242293861,0.236740112305,-0.858459472656,0.43913269043,0.111150490204,0.113242669556,0.12700109238,0.0750991821289,-0.931898498535,0.365927124023,0.00781573864072,-0.0158971542318,0.0193128980143,0.0891112938827,0.067015373394,0.0528921835122,0.0596012158836,0.0837665165836,0.068441627062,False
61,9.607999897,0.746350714434,0.319152832031,-0.657470703125,0.696853637695,0.130491697621,0.321071766284,0.149746618618,-0.0335372924805,-1.01870117188,0.37276763916,0.0286588890174,0.0549089221972,-0.0330075381298,0.318996628918,0.231352720974,0.152370129827,0.0915202664459,0.21030936718,0.166110547027,True
62,11.5019997597,0.544259152913,0.420166015625,-0.819839477539,0.654144287109,0.0927733471018,0.625359226115,0.130281307894,0.0233352661133,-0.962501525879,0.321203613281,-0.0563687872119,0.0367370289203,-0.0550488446809,0.194524257243,0.134030262211,0.122829915446,0.161007592559,0.228352720609,0.227270008483,True
63,12.9220003128,0.332324966953,0.396453857422,-0.738952636719,0.40283203125,0.298368850624,0.157928115803,0.309706726332,0.123469543457,-0.977751159668,0.287294006348,0.00432555950573,-0.0543785004029,0.0353696821218,0.1285816748,0.131312129628,0.0769026584383,0.22786590331,0.140101915759,0.0992797045562,False
64,13.7849996567,0.262519939816,0.306503295898,-0.71907043457,0.615524291992,0.244703225181,0.21582736843,0.0251839165322,0.0580688476562,-0.993713378906,0.278335571289,0.0512306439944,0.0641211958819,-0.0431424906058,0.124316041852,0.159294790357,0.142918370726,0.118040424338,0.0735224190331,0.0662820331881,False
65,13.7519997597,0.224736668866,0.157287597656,-0.730255126953,0.339736938477,0.386791657769,0.205310278969,0.322838773668,0.0404922485352,-0.957231140137,0.172451782227,-0.0074892883543,-0.0279241495043,0.0183342662085,0.0842193626339,0.112488258783,0.109239983292,0.182818534698,0.13277791269,0.126888402942,True
66,13.0990001678,0.191511608971,0.176620483398,-0.799072265625,0.238403320312,0.131364948142,0.243606535444,0.0496269416492,0.0536636352539,-0.981011962891,0.160801696777,0.00359870294941,0.0258200125586,-0.0308433735331,0.0813595072961,0.0982274509152,0.0502637034465,0.069348507434,0.119099753971,0.0608509498233,False
67,12.1889997482,0.56510476447,0.185455322266,-0.65087890625,0.241439819336,0.0691950503908,0.255109260825,0.0555796393177,0.00311889648437,-0.998207092285,0.0849273681641,0.0187033004408,0.0473160901397,-0.0256263741157,0.130677573003,0.164613156684,0.079486829599,0.0440656880425,0.110944229187,0.0559983474358,False
68,9.57799983025,1.33800659848,0.411849975586,-0.756042480469,0.168731689453,0.108285195187,0.315653565047,0.14463095248,0.229531860352,-1.0229095459,0.0704254150391,0.000974370748027,0.11210680472,-0.01765862224,0.109539673464,0.120895285746,0.096373790491,0.0639206366866,0.157271668073,0.0992756224919,False
69,6.93100004196,0.128101454046,0.572113037109,-0.83869934082,0.262344360352,0.0338626258926,0.57574293711,0.0180405195403,0.258045959473,-0.927308654785,0.206318664551,-0.0461737538217,0.351738518974,-0.0908358175139,0.135981158638,0.0664841436027,0.044227365496,0.0556268212663,0.0888852992556,0.0700997819146,False
70,6.64200000763,0.190192857495,0.384475708008,-0.824661254883,0.416305541992,0.122984246508,0.450019629421,0.064197095973,0.180616760254,-0.925717163086,0.297087097168,-0.0544579957614,0.220319934768,-0.0709631496701,0.142075125752,0.0578548200607,0.0894815564754,0.0868835471574,0.176189254824,0.0843109220598,False
71,8.07200021744,0.862307259949,0.208770751953,-0.845657348633,0.404479980469,0.10377246872,0.149977248368,0.0792133297794,0.0575912475586,-0.905654907227,0.338519287109,0.0169712869942,-0.0290428103201,0.00462018501712,0.0852202569393,0.049417255698,0.053597110876,0.0493416508674,0.0843459643257,0.0714119320543,False
72,10.0720003128,0.58649223688,0.133392333984,-0.827178955078,0.418426513672,0.0787997408621,0.192000066157,-0.0126798425821,0.0236602783203,-0.964834594727,0.326629638672,-0.0232458543121,-0.0034728419563,-0.0461828618327,0.062440273768,0.0557373909809,0.0492405601943,0.0654647828573,0.107914795522,0.0351778654834,False
73,11.7749997139,0.63545698211,0.552108764648,-0.735366821289,0.5048828125,0.664053092541,0.200884371554,0.518890573107,0.01728515625,-0.91175994873,0.329174804687,0.0882258397508,-0.160002611766,0.141843208714,0.344010062639,0.127034333015,0.0902955121175,0.229106539912,0.296764367067,0.245979836205,True
74,13.4120000839,0.140617735514,0.313598632812,-0.698532104492,0.245483398438,0.159059160318,0.191066894511,0.203881226728,0.0736709594727,-0.918754577637,0.201493835449,0.000208791829462,-0.0102039549799,0.0567510573548,0.131571267085,0.10084804015,0.0481089480957,0.108947933644,0.156608605315,0.133864095058,False
75,13.6869999886,0.334997643774,0.670349121094,-0.731918334961,0.624664306641,0.686620453302,0.690257532403,0.1733624659,-0.038362121582,-0.893891906738,0.411251831055,0.0438787214891,0.0339555702146,-0.0670231093638,0.366496717099,0.107054657208,0.0947587328398,0.25650791538,0.291971252976,0.242621737266,True
76,15.4270003319,0.725044754886,0.864776611328,-0.592529296875,0.46858215332,0.328928357816,0.386001231557,0.547641527603,0.205307006836,-0.960475158691,0.286308288574,-0.0245879809751,-0.0371737607075,0.0176499669664,0.431286042812,0.188302333746,0.161994464752,0.181488191176,0.298425689618,0.292517909052,True
77,16.798000145,0.139427582132,0.578216552734,-0.469085693359,0.685028076172,0.272357489941,0.792849155495,0.253707372827,0.0159545898437,-1.04506072998,0.249548339844,-0.0581144094117,0.233738218657,-0.12306645829,0.30480300203,0.361255067984,0.231575811189,0.255592453395,0.286340801804,0.182486871013,True
78,15.1100003242,1.63108704748,0.174224853516,-0.938858032227,0.118270874023,0.1890745837,0.0537247476185,0.221126792683,-0.00853576660156,-1.07432861328,-0.0111953735352,-0.000963025681783,-0.0399843011323,0.0328260969647,0.134559983,0.110420497811,0.0662914828068,0.0849346060395,0.0985365618386,0.0880066292491,True
79,9.11699995995,2.17745049001,0.189056396484,-0.869079589844,0.481079101562,0.140495063307,0.0426784880491,0.166669942081,0.0352035522461,-1.02156982422,0.179858398438,0.0211902135299,-0.0208771855754,0.0197825464725,0.115184324392,0.0919803768162,0.24410743899,0.0575762276523,0.0853455676354,0.0862217744674,False
80,7.39799976349,1.02246736701,0.482467651367,-0.685363769531,0.745391845703,0.166725868464,0.631806739114,0.332467432589,0.14866027832,-0.920703125,0.537992858887,0.00184048399774,0.0759264297304,-0.0693743876586,0.274042444117,0.134904106105,0.106584968551,0.106666831244,0.287268726573,0.276936001835,True
81,12.129999733,1.48694325262,0.460388183594,-0.745208740234,0.643341064453,0.084240046337,0.286558530138,0.161095146971,0.0695266723633,-0.897151184082,0.489683532715,-0.0258710919883,-0.00121224429659,0.0143453835278,0.185920496612,0.15123741645,0.080598044509,0.0668283216506,0.119984438557,0.0980706215888,False
82,16.0609994888,1.0029556957,0.831527709961,-0.503280639648,0.58854675293,0.183107771277,0.475984384785,0.233827940554,0.295462036133,-0.922421264648,0.26009979248,-0.000677561444538,0.0143625875485,-0.0126253276746,0.42604777744,0.215608498471,0.201625964942,0.174988547723,0.270347691707,0.198633496721,True
83,17.5939998627,0.310132872187,0.227554321289,-0.763961791992,0.397750854492,0.215721374619,0.198163153552,0.167408436651,0.0220733642578,-0.977194213867,0.293797302246,0.0283229845091,-0.000291829192251,-0.00759925027571,0.171064696834,0.107486778506,0.0751115964765,0.086346417473,0.148790229845,0.138954060057,False
84,18.5830003738,0.191836011695,0.143157958984,-0.644226074219,0.364288330078,0.16955627607,0.426499922254,0.304523149587,-0.131658935547,-0.949087524414,0.303762817383,0.00775078414173,0.00335529002578,0.0112659437278,0.17259540621,0.122458518028,0.0528155275408,0.10174011746,0.245610492735,0.180481850058,False
85,19.076999855,0.0249672158559,0.319458007812,-0.87956237793,0.319427490234,0.122826054739,0.187988812923,0.142950764148,0.0840393066406,-0.981552124023,0.246621704102,0.00195433413434,0.0636967412674,-0.0455650883546,0.138986876765,0.14840037334,0.0536128705566,0.0805609327738,0.0790709934131,0.109557868611,False
86,18.8600006104,0.281267384687,0.296981811523,-0.862579345703,0.348785400391,0.0563407707573,0.12710442303,0.180784695858,0.122499084473,-0.993656921387,0.143098449707,-0.0406976021987,-0.0144168894031,-0.014346874898,0.100662491001,0.0693486214209,0.120194076563,0.0623996472811,0.13341361522,0.0981784859244,False
87,18.054999733,0.155723909526,0.402267456055,-0.753494262695,0.517913818359,0.375671362321,0.233602637126,0.180467247056,0.0683731079102,-0.936436462402,0.294775390625,0.0142645832203,-0.0270034414522,0.00895868748575,0.141685801776,0.134429085284,0.0914275125963,0.15388294192,0.13406670678,0.126264604536,False
88,18.1620006561,0.0361476869725,0.606979370117,-0.79280090332,0.361175537109,0.111645039218,0.636966081094,0.36265676039,0.0824081420898,-0.97310333252,0.204734802246,-0.0674817323351,0.0476556698103,-0.0773680520917,0.375924034774,0.132209023882,0.117135419852,0.126057124499,0.345049538762,0.269539998418,True
89,17.5580003738,0.383545066718,0.345718383789,-0.603302001953,0.179794311523,0.154453489529,0.288121805697,0.350145495905,0.131819152832,-0.978985595703,0.0293228149414,-0.0463866469193,0.0673064697037,-0.0596102537327,0.131889307822,0.184069255112,0.165383717046,0.106800869983,0.236206244097,0.26669890276,True
90,14.7330001831,1.98857898415,0.439453125,-0.869430541992,-0.0190582275391,0.284902043939,0.349148142077,0.310192486915,-0.0592559814453,-1.07219696045,-0.143939208984,0.0151247043576,0.0301063703331,-0.0303099423668,0.236504885484,0.120190029803,0.0661517568781,0.157859720045,0.15806936808,0.153248880469,True
91,7.92299983501,2.44577656072,0.0677032470703,-0.966339111328,0.13916015625,0.194718620998,0.0235575240545,0.200883572605,-0.0289352416992,-1.04024505615,-0.085774230957,0.0154793308884,-0.0486010121025,0.0328034334638,0.0870200655658,0.0679421092407,0.12444844769,0.0812606075094,0.102094668035,0.0941577667426,False
92,1.0679999575,1.32915005067,0.0513305664062,-0.939849853516,0.27604675293,-0.00534629588833,6.7644291688e-05,0.00200349608807,0.039289855957,-0.946363830566,0.253057861328,-0.0117266972279,-0.00460433920864,-0.00160087939447,0.00763992075095,0.00546071606275,0.0194917799237,0.00318078052621,0.00305318877202,0.00298435012052,False
93,0.370999991894,0.113768769491,0.0435028076172,-0.944198608398,0.263107299805,-0.0128087395788,-0.00308740265173,0.000926513743239,0.0404647827148,-0.946098327637,0.26082611084,-0.0144062367587,-0.00479946902171,-0.000454974440629,0.00156275710666,0.00126916786438,0.00142551992364,0.00125054608619,0.000899633984354,0.00072358242231,False
94,0.567999999225,0.151716107059,0.0426025390625,-0.943557739258,0.262054443359,-0.0128020816761,-0.00415027024278,0.00197899500604,0.0402496337891,-0.946803283691,0.260488891602,-0.0143021604233,-0.0051192614054,-0.000453083596255,0.00208999987739,0.00205927771563,0.00158997916234,0.00125514081836,0.000607371736634,0.00132930276623,False
95,0.0920000016689,0.118771491438,0.0423431396484,-0.938446044922,0.263534545898,-0.011744007775,-0.00203785086613,0.00200349608807,0.0403335571289,-0.945930480957,0.260998535156,-0.0139734198184,-0.00427045870277,-0.000665151113858,0.00170671296929,0.00358489004328,0.00262224163283,0.00162538015151,0.00136853107031,0.00160848640327,False
96,0.0,0.0,0.0440521240234,-0.944244384766,0.263824462891,-0.0106499811992,-0.00415746077772,0.000959270624647,0.0406326293945,-0.947164916992,0.261038208008,-0.0136677155568,-0.00512333604187,-0.000126713204666,0.00332903938401,0.0020321412658,0.00131334363225,0.00165318640604,0.000784041578296,0.00122820073936,False
97,0.0,0.0,0.0433807373047,-0.943664550781,0.262496948242,-0.0117519972583,-0.00416438499656,0.000940095864798,0.0399993896484,-0.945877075195,0.260186767578,-0.0132372954615,-0.00491342568475,-0.000336090929568,0.00191197761858,0.00131886319553,0.00185637033877,0.000748808926163,0.000877439469257,0.000975461963201,False
98,0.0,0.0,0.0443420410156,-0.944213867188,0.265090942383,-0.0128087395788,-0.00415772709383,0.000937432703708,0.0405548095703,-0.946781921387,0.261483764648,-0.014416756245,-0.0052248024794,7.91225159863e-05,0.0028468518853,0.0015769228267,0.00249821168463,0.0010373639529,0.00100204087678,0.000446730990169,False
99,0.0,0.0,0.0435333251953,-0.942977905273,0.264343261719,-0.011714713003,-0.00416465131267,-0.000117711720182,0.0409118652344,-0.946754455566,0.260055541992,-0.0131310885972,-0.00533963798561,-0.000547146445957,0.00205205090896,0.00285127802741,0.00205089326583,0.00072867485731,0.00136758505,0.000740032279558,False
100,0.0,0.0,0.0411224365234,-0.943176269531,0.264221191406,-0.011744007775,-0.00309406055445,0.000953677986357,0.0399841308594,-0.946809387207,0.261613464355,-0.0135620413248,-0.00523039511769,-0.00012535499251,0.000911398159039,0.00286199324367,0.00259560379251,0.00123248164407,0.00122885727611,0.000713534818402,False
101,0.0,0.0,0.0416870117188,-0.943908691406,0.263671875,-0.0117506656778,-0.00308740265173,0.000953944302466,0.0404388427734,-0.948020935059,0.261965942383,-0.0137684629409,-0.00416531710294,-2.35956072581e-05,0.000993080318175,0.00203751976473,0.00105382165572,0.00153691353923,0.000869478644561,0.00117870844757,False
102,0.0,0.0,0.0436706542969,-0.945220947266,0.263320922852,-0.0106872654545,-0.00415719446161,0.00198991396651,0.0407897949219,-0.946557617187,0.261122131348,-0.0129248001392,-0.00544728295687,-0.00011827098401,0.0017913006734,0.00117922789664,0.00106356301651,0.00155157671171,0.00110340639302,0.00149679986187,False
103,0.0,0.0,0.0453948974609,-0.943801879883,0.263671875,-0.0117373498723,-0.0041569281455,0.00305597735087,0.0412216186523,-0.946234130859,0.260578918457,-0.0141919588174,-0.00501364043657,-0.000665470693189,0.00264995035572,0.00150730612976,0.00163921427373,0.00151291104164,0.000668588929271,0.00168452669446,False
104,0.0,0.0,0.050048828125,-0.943023681641,0.264602661133,-0.0127714553236,-0.00309459318667,0.00414387865616,0.0409652709961,-0.947624206543,0.261999511719,-0.01366065818,-0.00437879609592,-0.000235183755865,0.00499703041983,0.00219190496983,0.00199358413293,0.00119835803011,0.000841516703447,0.00253871806506,False
105,0.0,0.0,0.0451049804688,-0.943267822266,0.269134521484,-0.011729360389,-0.00415772709383,0.00202533400901,0.0413833618164,-0.947790527344,0.261738586426,-0.0137716587342,-0.00459078371869,-2.25303428221e-05,0.00292308779271,0.00281733246363,0.00410652699076,0.0015355876759,0.000548561545383,0.00146780353846,False
106,0.420000001788,0.76615923679,0.129379272461,-0.805023193359,0.615707397461,0.0254502326412,0.061524347503,0.0456878600809,0.0683609008789,-0.869429016113,0.497663879395,-0.0153317651324,0.00860770948569,-0.011054568632,0.0305980684357,0.0466009393818,0.11000024816,0.0223610964861,0.0300778800508,0.034329017133,False
107,4.56499991417,1.90998113914,0.363891601562,-0.678588867188,0.607223510742,0.0473965442362,0.193684781863,0.127675671084,0.111782836914,-0.852389526367,0.521798706055,-0.0210061890986,0.0422564569111,-0.0215417774254,0.144143371791,0.081115181051,0.0753749021876,0.0528717388203,0.109352250079,0.0760838457707,False
108,9.10000038147,1.05409255339,0.307952880859,-0.815216064453,0.420394897461,0.0286177964418,0.297497197999,0.0935027869244,0.111260986328,-0.926751708984,0.279000854492,-0.067930528242,-0.0342360010774,-0.00401902966426,0.158912967198,0.100066356159,0.0756782151092,0.0674630848819,0.1403462777,0.0736417660365,False
109,11.6680001259,0.479670839106,0.272567749023,-0.544906616211,0.493606567383,0.163976953587,0.224041089864,0.175577949611,0.0135848999023,-0.875283813477,0.256384277344,-0.0211456588449,-0.0345345414356,0.0320722892182,0.169473060223,0.176981429039,0.131878250537,0.0842365674881,0.137600231168,0.107233146055,False
110,13.0709997177,0.362781062256,0.499237060547,-0.734039306641,0.336318969727,0.121620441713,0.379306577209,0.181080040423,0.107264709473,-0.917520141602,0.237245178223,-0.0373905952834,0.0419385820034,-0.0150981792732,0.185851558865,0.103056939109,0.0763666738617,0.0723162404532,0.177636403017,0.114132334323,False
111,14.1209998131,0.414419090231,0.493881225586,-0.749893188477,0.442321777344,0.16034093975,0.184093673513,0.211248062936,0.0786224365234,-0.952416992187,0.235775756836,-0.00621943988333,0.0356736819603,-0.00847220784943,0.263955703313,0.108924451058,0.0941116594137,0.0893760537597,0.146258075559,0.135667814618,False
112,14.6760000229,0.34303208492,-0.00328063964844,-0.858474731445,0.204299926758,0.105596734067,0.094388820619,0.0778231596904,-0.11858215332,-0.989587402344,0.101902770996,0.0265973892808,-0.0394273808851,-0.0195641406316,0.0658613786993,0.0884478817395,0.0514443766856,0.0428636447604,0.0736883044296,0.0757310689071,False
113,13.6789999008,0.0783794365891,0.213577270508,-0.899459838867,0.233917236328,0.0635896289284,0.169916069134,0.281672961118,0.0334487915039,-0.969172668457,0.148062133789,-0.0403829497159,0.00281735811719,0.0108811435818,0.135931172277,0.0528242675718,0.06160787233,0.0531523691713,0.11616878088,0.130155314352,False
114,12.9710000038,0.539638725723,0.273361206055,-0.871231079102,0.17822265625,0.114941233699,0.210463495678,0.0867862946552,0.0588943481445,-0.980645751953,0.0178207397461,-0.0398754843701,0.0587584150265,-0.0343588793301,0.131380794527,0.0987094457648,0.101994243388,0.072460847085,0.112469998279,0.0808710734211,False
115,10.1080002785,1.53260710985,0.0987396240234,-0.955078125,-0.00604248046875,0.0194791591612,0.0355785005829,0.122406873183,-0.121911621094,-1.06266174316,-0.081982421875,-0.0321585223743,-0.163495294272,0.0116077870853,0.143444476564,0.056112731654,0.0606375679869,0.0415574817761,0.113359845096,0.0660628440533,False
116,5.85100002289,1.20407131465,-0.00643920898438,-0.858901977539,0.452255249023,0.283688974063,-0.352321298515,0.33584165769,-0.295004272461,-1.00550842285,0.194148254395,0.0891114739713,-0.547302853408,0.176650750793,0.147346110861,0.160674141059,0.143073079292,0.0972894724156,0.133450602501,0.075999876278,False
117,5.93899998665,1.04614053779,0.162628173828,-0.750823974609,0.660568237305,0.0982943463576,0.0882350542882,0.224873327705,-0.0383148193359,-0.842868041992,0.563346862793,-0.021335515599,-0.145471739068,0.0785237042151,0.12502651815,0.0545646017886,0.0803017747148,0.081702715708,0.161408189411,0.0792797400496,False
118,9.56799964905,1.32552558711,0.08251953125,-0.805801391602,0.600234985352,0.132665103386,0.130615001979,0.0944311648804,0.0147811889648,-0.885502624512,0.545558166504,0.00221873276737,-0.0266120100352,-0.0286963863255,0.0672065503667,0.0556716616548,0.0542202575763,0.063155383782,0.119699096535,0.0864957122064,False
119,12.7560001373,0.732487245069,0.187088012695,-0.618225097656,0.512161254883,0.128085531576,0.11109323224,0.246409778808,0.0264770507812,-0.861723327637,0.418756103516,-0.00854821446694,-0.111419096631,0.0189653821237,0.121395731119,0.161408069413,0.0819439616594,0.0843147641592,0.180864024446,0.106645764482,False
120,13.7660000801,0.0935949058002,0.345809936523,-0.713439941406,0.528930664062,0.180428098588,0.236189631809,0.170446570823,0.0807403564453,-0.99553527832,0.313662719727,0.0061946991168,0.0500600515373,-0.00507697040729,0.171952200359,0.184355612615,0.122996372837,0.0924820490271,0.125161968147,0.129112364679,False
121,13.7630001068,0.226865185365,0.341842651367,-0.796142578125,0.416259765625,0.06253341924,0.248828728026,0.226111963928,0.0657501220703,-0.890386962891,0.311120605469,-0.0476740456218,0.0391363772728,0.00324926958278,0.146075501247,0.0570118317649,0.0665928224445,0.0660859568642,0.141537397192,0.118621419933,False
122,13.3729999542,0.609226088702,0.225326538086,-0.845306396484,0.251968383789,0.0490812599418,0.164848606211,0.128198982238,0.0703186035156,-0.924299621582,0.18257598877,-0.0508639799755,-0.0358354423649,0.000851172916,0.112116978873,0.0615447201198,0.0473376021244,0.0712151552327,0.12915762674,0.113757085886,False
123,10.9579996109,1.39822742814,0.193420410156,-0.917877197266,0.124404907227,0.0939984012032,0.159716428475,0.19026208723,-0.0918243408203,-0.99151763916,-0.02099609375,-0.00601925006419,-0.082502040778,0.0211556989622,0.196612519765,0.0702619781162,0.0732478676465,0.062463044,0.141732117687,0.106225634951,False
124,6.0669999361,1.60912699766,0.129531860352,-0.941589355469,0.174530029297,0.0492714096437,0.0903647842119,0.0543497915263,0.0507751464844,-0.989202880859,0.0588958740234,-0.000195582550455,0.01414852266,-0.00131797179187,0.0410711642817,0.0351859141225,0.0927395889372,0.0253597782639,0.0523366291324,0.0480054330016,False
125,1.4369999975,0.73708207806,0.0751190185547,-0.917556762695,0.370727539062,-0.00414707444947,0.0578238851683,0.0297136872303,0.0500549316406,-0.965916442871,0.202383422852,-0.0142463139353,0.00498469187552,-0.00676924949037,0.027354849538,0.0339705799822,0.106765059813,0.0165718178013,0.0201945448505,0.023632208886,False
126,1.10000002384,0.808152925835,0.111022949219,-0.889862060547,0.419570922852,0.0523345775295,0.0192450673013,0.209971876141,-0.0330032348633,-0.920739746094,0.398240661621,0.00396973455248,-0.172445193326,0.0590208162887,0.137039124907,0.0268938745557,0.0175479088357,0.0249600802533,0.208882135137,0.0830741403506,False
127,3.86900005341,0.973132952426,0.112930297852,-0.822158813477,0.500671386719,0.0651531708044,-0.191485277118,0.288821684432,-0.147668457031,-0.906637573242,0.386544799805,0.0126950758635,-0.517452519382,0.143058568909,0.154330446485,0.0530670416687,0.0534740054121,0.0305079118663,0.167127154185,0.0814805504981,False
128,7.17699995041,1.20924244138,0.184783935547,-0.791732788086,0.458312988281,0.0928817377581,0.0988671923081,0.120217488451,0.080046081543,-0.911640930176,0.318890380859,0.00506906081886,-0.0650226759109,0.0219704664661,0.0925844181116,0.0611859578131,0.115068469079,0.0494007247062,0.0910224634813,0.0545311387758,False
129,8.61599998474,0.519384201072,0.172317504883,-0.918411254883,0.161697387695,0.115806761054,0.110083361555,0.09433262792,0.0767776489258,-1.01779022217,0.0736068725586,0.00465121084382,0.00784359530572,0.0145278899573,0.0646769705916,0.0476742280871,0.0481026174123,0.0631392958979,0.061369460542,0.0567860724743,False
130,5.63399994373,1.50761169839,0.106735229492,-0.994583129883,0.0457000732422,-0.00731330666947,0.0598470886485,0.00717775176998,0.0544540405273,-1.03203582764,-0.00123901367188,-0.0204425576855,0.0194905841222,-0.0129475435349,0.0293491471612,0.0163969638224,0.0248257854343,0.0111647045527,0.0251599023559,0.0133356490838,False
131,1.75600003004,0.937315306037,0.0872192382812,-0.938354492188,0.258407592773,-0.00118590563341,0.0139163482762,0.00957752622825,0.0715377807617,-0.963551330566,0.185116577148,-0.00993769213407,-0.00429658431307,0.000122585304976,0.00683692913583,0.0132738369507,0.0450448509063,0.00434072040579,0.00714487370098,0.00453247093225,False
132,0.0219999998808,0.0695701081467,0.0918426513672,-0.923767089844,0.322937011719,-0.00415506393274,0.00215343205744,0.00199790344978,0.0812942504883,-0.944505310059,0.263554382324,-0.0116287461631,-0.00417935196188,-0.000748002055371,0.00411538118612,0.00859294430612,0.0275648174836,0.00377104279656,0.003158298964,0.00265434412917,False
133,0.714999997616,0.511452191271,0.194046020508,-0.869598388672,0.382369995117,0.000802144120332,0.249207962165,-0.00336117561179,0.133963012695,-0.915969848633,0.348612976074,-0.0134394027566,0.103902031507,-0.0271677052282,0.0278025188095,0.0194580587602,0.0167594412606,0.0132359655773,0.0862530161421,0.0177139821628,False
134,2.67200000286,0.845008819908,0.371170043945,-0.854080200195,0.365264892578,0.0344799466333,0.437267348857,-0.015171496098,0.20119934082,-0.924423217773,0.311019897461,-0.033057552295,0.35229376143,-0.0763090727159,0.0707399943357,0.0383511544047,0.035167666483,0.0298207194763,0.0552107979292,0.0603062856535,False
135,5.47999992371,1.15714216479,0.406311035156,-0.819931030273,0.688400268555,0.128690601775,0.410873291926,0.2429990684,0.157759094238,-0.910746765137,0.441470336914,0.00404318453535,0.174207460283,-0.0211993481725,0.104527992789,0.070489549051,0.108914266522,0.0864275593969,0.190531246838,0.112775545604,False
136,8.95099992752,1.45768789415,1.06616210938,-0.379150390625,0.557220458984,0.359139523538,0.734864681713,0.216525915584,0.118969726562,-0.896197509766,0.40616607666,-0.00266742214782,0.0120322683314,-0.0318315394556,0.432206533803,0.236817916699,0.0768792393312,0.147932316558,0.313622847403,0.182605458022,False
137,11.9539999962,0.407109196154,0.684448242188,-0.833053588867,0.368377685547,0.359752050589,0.0785688447956,0.381531914616,0.0595687866211,-0.968218994141,0.32989654541,0.0580938231764,-0.0885412112871,0.118320066069,0.273196327241,0.120515333609,0.0390632089246,0.144976373288,0.127086293135,0.167699082734,True
138,12.8039997101,0.293416719896,0.527709960938,-0.59489440918,0.605667114258,0.2865364259,0.422455379507,0.38997014053,0.127011108398,-0.928622436523,0.252931213379,-0.030844545324,-0.0230922964437,0.0156303853854,0.254331951799,0.236008522551,0.154459306881,0.14490949756,0.237067844246,0.222664979278,True
139,12.6820000648,0.366963392912,0.204147338867,-0.826263427734,0.255416870117,0.276639586658,0.416039291808,0.209666411564,0.004150390625,-0.953137207031,0.0782913208008,-0.0241186787278,-0.0402561566164,0.0515683328206,0.151329873555,0.0967284096932,0.12088937682,0.140220809423,0.248859795647,0.160190949059,False
140,9.6740003109,1.9832924755,0.113357543945,-0.840805053711,0.144485473633,0.49923111794,0.300093513746,0.213273663261,-0.154124450684,-1.1057144165,-0.082487487793,-0.00666272304677,-0.150360290828,0.0388101400393,0.163199748933,0.270917481489,0.200375359997,0.221739688812,0.212607868278,0.144046398809,True
141,3.66800003052,1.60865590825,0.0612640380859,-0.879653930664,0.47492980957,0.0693290073936,-0.0744449398476,0.175385136748,-0.067512512207,-0.968473815918,0.269244384766,0.00756036812379,-0.204485205032,0.0670302466355,0.114335397915,0.0727658971119,0.206511030441,0.0370181749569,0.116210338419,0.0496113835869,False
142,4.18500008583,1.33775315964,0.401962280273,-0.847518920898,0.589950561523,0.0940005317321,0.0338565006221,0.238319095416,-0.106619262695,-0.909967041016,0.443159484863,-0.0104854777387,-0.429127050775,0.0955732615138,0.195455770026,0.0394378202799,0.089821417784,0.0841270988988,0.24145552018,0.115111951723,False
143,8.13899993896,1.36201203977,0.175903320312,-0.83854675293,0.505218505859,0.0716371691104,0.116284798469,0.189923865771,0.111795043945,-0.889393615723,0.395967102051,-0.0260847307709,-0.00142609613213,-0.00122297683579,0.0743486063137,0.0268979825081,0.0752246647509,0.0554276520255,0.091138087157,0.07929030293,False
144,11.2520001411,0.615391339779,0.203796386719,-0.940322875977,0.219268798828,0.0258883226406,0.108701447265,0.166096829814,0.0226043701172,-1.00132751465,0.0518768310547,-0.0339731737094,-0.0371100578942,0.0341866527024,0.116158748888,0.0442701940397,0.0827878930338,0.0392990120302,0.107231978546,0.0765727506178,False
145,7.72500014305,1.8221555563,-0.182067871094,-0.912750244141,0.309204101562,0.0840243302887,-0.296776812924,0.337137818193,-0.340602111816,-0.989672851562,0.150015258789,0.00939398116592,-0.566143679487,0.178548732439,0.108425558469,0.0455766158646,0.0773821993934,0.0293061236069,0.186069801071,0.0759714694633,False
146,4.32600016594,0.73712961539,0.311706542969,-0.825347900391,0.639495849609,0.0847007732055,0.173882581261,0.2390908795,0.065901184082,-0.942510986328,0.466149902344,0.00131115409948,-0.238060156263,0.054045099266,0.260051982106,0.0681932702682,0.0957462788189,0.0593484792259,0.317195069394,0.130470731533,False
147,1.35499997139,2.80769279191,0.546798706055,-0.889251708984,0.943634033203,0.0641949654441,0.278493679408,0.307586051156,0.118664550781,-0.996661376953,0.425273132324,-0.0517673242173,-0.0118894696338,0.0408697755631,0.172975359603,0.0821704471289,0.217630134885,0.0999363181579,0.255244450428,0.140907629754,False
148,8.60200018883,1.45264357212,0.721542358398,-0.564422607422,0.463302612305,0.426472491695,0.237808301119,0.495602028323,0.104797363281,-0.929359436035,0.229063415527,0.0622126148551,0.018961387382,0.0398246978882,0.237319297193,0.198497556355,0.150424883095,0.295154438595,0.229529745326,0.28039151125,False
149,12.5140001297,0.24486732804,0.626861572266,-0.734451293945,0.54914855957,0.000108390656366,0.37544898837,0.418590333816,0.00889434814453,-0.982046508789,0.139167785645,-0.165033935592,-0.0157262591846,0.0434517635032,0.40992415906,0.171725589932,0.301707257804,0.17891650207,0.25916667089,0.247424450908,False
150,12.0019999504,0.978999338289,0.480758666992,-0.79817199707,0.208053588867,0.125873509974,0.520276748455,0.163923157733,0.0358245849609,-0.994931030273,0.0418319702148,0.0158280984647,0.0791402792707,-0.0238187535258,0.244470280165,0.140353603537,0.149785004038,0.110695870461,0.235176870699,0.19582164679,False
151,8.05099983215,1.77336107717,0.213500976562,-0.859603881836,0.0657196044922,0.0508096514893,0.124552049441,0.225878138384,-0.125773620605,-1.03645172119,-0.0743621826172,-0.0206630674238,-0.174526027612,0.0137797547439,0.183009881261,0.0834657923455,0.160206942948,0.0453714430563,0.166243599246,0.110175448268,False
152,3.87799994946,0.915772879242,0.324264526367,-0.755325317383,0.683517456055,0.0405053485996,0.32002967135,0.155002633345,0.133474731445,-0.905656433105,0.410623168945,-0.0489588344265,0.139338479077,-0.0502265523686,0.106582468467,0.0958031707879,0.202482038237,0.0749389172319,0.123454200654,0.0909670922284,False
153,7.65799975395,1.76177176042,0.504501342773,-0.64909362793,0.615951538086,0.14143595812,0.452430056524,0.437342982632,0.125099182129,-0.899859619141,0.431959533691,-0.0513650803662,-0.00604830515168,-0.000723527604953,0.297294117051,0.167211144865,0.112290266385,0.194190450465,0.264628360376,0.169857770921,False
154,10.9829999924,0.590612859929,0.590698242188,-0.586883544922,0.466201782227,0.279303813012,0.389831922469,0.29709532699,0.195823669434,-0.903199768066,0.296195983887,0.0254703128759,0.0944996613836,-0.0351681607222,0.284948680456,0.15935851953,0.101846154219,0.157366202932,0.221512887007,0.223819412291,False
155,12.2550001144,0.277699063589,0.603729248047,-0.633071899414,0.516174316406,0.417979404662,0.342642838482,0.509386017493,0.0438949584961,-0.931640625,0.309130859375,0.0296075868925,-0.196742783216,0.156264865176,0.330034614272,0.227617283775,0.134541625761,0.212453541871,0.255468141427,0.232814209781,False
156,13.7419998169,0.805492234981,0.515487670898,-0.468521118164,0.389175415039,0.126420789578,0.506892499764,0.184590619372,0.120989990234,-0.902674865723,0.27272644043,-0.0512372752655,0.0282016242582,-0.00688802647499,0.226430248798,0.214381644323,0.130433632959,0.149393569407,0.237371229023,0.131614358422,False
157,14.4509998322,0.681655660303,0.669723510742,-0.343994140625,0.603668212891,0.448421999083,0.311535252737,0.636674198638,0.215902709961,-0.931541442871,0.0518524169922,-0.0232995702713,-0.0530193827722,0.0935118683037,0.294447169739,0.353072177245,0.231256521976,0.278450622179,0.3400646846,0.275637705729,False
158,13.1599998474,1.87244451657e-15,0.183624267578,-0.733993530273,0.144027709961,0.237817888499,0.187431146991,0.466141874028,-0.0870864868164,-1.01754608154,0.0167190551758,-0.0101458980681,-0.0439742224458,-0.0140644200328,0.216359057022,0.126449360313,0.0840869454182,0.135530144421,0.285867024994,0.233969897108,False
159,9.65099978447,3.9636077127,0.156005859375,-0.954711914062,-0.0281219482422,0.0624556549362,0.180645945166,-0.00241815026979,0.0891052246094,-1.03891296387,-0.080256652832,-0.0090438287458,0.0439817325601,-0.054156525926,0.0540892203629,0.0555631058541,0.0422546553065,0.0642752884434,0.065473630846,0.041156749113,False
160,5.01300005913,1.31519371825,0.26872253418,-0.819686889648,0.452056884766,0.0426585143409,0.24250691623,0.0190706302499,0.159478759766,-0.938821411133,0.231652832031,0.00496570353695,0.0722961683221,-0.0275374318824,0.0590754038489,0.0664234186711,0.171440245544,0.0184452298135,0.0798121899673,0.0452627973578,False
161,1.26999998093,0.0,0.544418334961,-0.805145263672,0.396530151367,0.0227394009676,0.630526024946,-0.0630173156101,0.438290405273,-0.890962219238,0.345024108887,-0.0412670659345,0.511785312582,-0.159329684221,0.0772352634757,0.0364475670384,0.035222169988,0.0427423769333,0.111594622729,0.0602115196174,False
162,1.26999998093,0.0,0.392471313477,-0.735595703125,0.589828491211,0.0463941304019,0.492269348535,0.0913200600949,0.206526184082,-0.866030883789,0.471466064453,-0.00776708268761,0.225866606896,-0.071352397295,0.103589971515,0.0557629489559,0.0726710298362,0.0360093688212,0.172149497991,0.0902024706836,False
163,1.26999998093,0.0,0.0918884277344,-0.88557434082,0.432678222656,0.0484985602953,0.107192233876,0.0430113831853,0.0257705688477,-0.970710754395,0.186254882813,-0.0186799178864,0.0233093973358,-0.00739503908332,0.0968654897536,0.0567783872957,0.10701387093,0.0613044435586,0.0541031873536,0.0572224987299,False
164,3.50399997234,2.78318040432,0.0994110107422,-0.903732299805,0.213562011719,7.00411366691e-05,0.0361849023631,0.0331313218572,0.0409133911133,-0.986827087402,0.112088012695,-0.0282127829032,-0.0276871814305,-0.00789414210321,0.0542367847236,0.0579881061851,0.0651850701552,0.0370345776344,0.0501471371376,0.0356467928938,False
165,3.84999990463,4.68111129144e-16,0.118087768555,-0.918029785156,0.228866577148,0.00372096867506,0.0130473588125,0.0639060124659,0.0736053466797,-0.961318969727,0.174430847168,-0.0219180021926,-0.016982525534,0.00483062800646,0.0296427346018,0.0290091041834,0.0357266227243,0.0190902412769,0.0182031550589,0.0314334200272,False
166,3.84999990463,4.68111129144e-16,0.0903625488281,-0.912948608398,0.329605102539,-0.00525707999182,0.00109722236911,0.00311003952099,0.0857788085938,-0.936534118652,0.280351257324,-0.013344034958,-0.00533825314184,-0.000549330238051,0.00823131239557,0.0191405019113,0.0503980714521,0.00532997323084,0.00433542767593,0.00295224805103,False
167,3.84999990463,4.68111129144e-16,0.0959625244141,-0.92610168457,0.314270019531,-0.0106859338739,0.000103596966404,0.00738787517999,0.0884552001953,-0.928872680664,0.307458496094,-0.0129152127592,-0.00417088310962,-0.000121466777319,0.0045665748597,0.00268881242826,0.00609243106969,0.00172728715135,0.00414160680656,0.00338962652012,False
168,3.84999990463,4.68111129144e-16,0.0971069335938,-0.91764831543,0.342208862305,-0.0105767442692,-0.00418728818193,0.00946807030745,0.0891494750977,-0.926947021484,0.308555603027,-0.0138218593207,-0.00873873701132,0.0013737383851,0.00650972620959,0.00632572542621,0.0186772498798,0.0020094507826,0.00274245221569,0.0050034822186,False
169,3.84999990463,4.68111129144e-16,0.0986633300781,-0.92008972168,0.316589355469,-0.00866965461264,-0.000947020083632,0.00633033391112,0.0841003417969,-0.929902648926,0.295686340332,-0.0134463802386,-0.00576316049376,-0.00108238856184,0.00894732853744,0.00591667490057,0.0169079125643,0.00315020055451,0.00297871156062,0.00359436308655,False
170,3.84999990463,4.68111129144e-16,0.0927581787109,-0.92073059082,0.318969726562,-0.00654818048829,-0.00311430057874,0.00737455937454,0.0850540161133,-0.928076171875,0.306173706055,-0.0122407405816,-0.00853607045237,0.00266886025481,0.0069050753474,0.00381505803416,0.00818942429551,0.00386486207034,0.00336941680571,0.00277357569767,False
171,3.84999990463,4.68111129144e-16,0.0940551757812,-0.924774169922,0.307022094727,-0.0116840866505,-0.00202346979624,0.00197073920666,0.084553527832,-0.932872009277,0.284443664551,-0.0150461411055,-0.00532720102332,-0.000673406913237,0.00443638806644,0.00476506056379,0.0126146481424,0.00244330009599,0.00275926536438,0.00175657201258,False
172,3.84999990463,4.68111129144e-16,0.0873107910156,-0.921600341797,0.318298339844,-0.00967446529193,-0.000973385378424,0.00311589847539,0.0822677612305,-0.929444885254,0.301029968262,-0.0125953937439,-0.00353468055681,0.000200030029476,0.00258567573324,0.0040796677578,0.00729048004741,0.0015576898877,0.00135093014374,0.00134299454272,False
173,3.84999990463,4.68111129144e-16,0.0872650146484,-0.926055908203,0.302276611328,-0.0117812920303,-0.00201681189352,0.00202533400901,0.0826095581055,-0.929591369629,0.30007019043,-0.013334447578,-0.00406185329459,-0.000552526031359,0.0021692831286,0.00175658126968,0.00167620265338,0.00143276795011,0.00146111762641,0.00135371332198,False
174,3.84999990463,4.68111129144e-16,0.0854797363281,-0.92546081543,0.304214477539,-0.0117213709058,-0.00204450876885,0.00200083292698,0.0820220947266,-0.929975891113,0.30044708252,-0.0138708082216,-0.00342003147188,8.00546223678e-05,0.00194759646077,0.00242699982008,0.00246779118619,0.00133472361489,0.000873773715431,0.00120671263904,False
175,3.84999990463,4.68111129144e-16,0.0906524658203,-0.866287231445,0.486053466797,0.0105487810778,0.00116060560306,0.0587770305225,0.0749954223633,-0.905490112305,0.394107055664,-0.0106154399999,-0.0291811881704,0.0126545691833,0.01363410055,0.0243990065456,0.083235505295,0.00762038966141,0.0416500531492,0.0211937278321,False
176,3.84999990463,4.68111129144e-16,0.0317535400391,-0.880767822266,0.47021484375,0.0713815056457,-0.175463433684,0.310690498039,-0.130140686035,-0.906823730469,0.406565856934,-0.0106823652381,-0.409650741196,0.151497220929,0.0993743683092,0.0290406085157,0.0343040746462,0.0404016101877,0.174064716096,0.0706230757005,False
177,2.16999993324,1.44591375796,0.0788879394531,-0.871353149414,0.517166137695,0.0557713869162,-0.0643414393041,0.165430773226,-0.0961502075195,-0.891133117676,0.424537658691,-0.0127287382197,-0.357843203246,0.0961126847926,0.0993184433417,0.0182183026826,0.0493785862999,0.0397887336791,0.182019627308,0.0671721974296,False
178,1.04999995232,2.34055564572e-16,0.104156494141,-0.844833374023,0.476959228516,0.0249098772561,0.0557359668737,0.0538605688341,0.0402603149414,-0.889474487305,0.424607849121,-0.0195732220109,-0.0170002888185,-0.0108186658227,0.0527778171095,0.0273633606539,0.0337612334947,0.042011248493,0.0664354171425,0.0464568445139,False
179,1.04999995232,2.34055564572e-16,0.208847045898,-0.840850830078,0.414825439453,0.0763096852429,0.0985675866855,0.101120492906,0.0799743652344,-0.899690246582,0.352973937988,-0.00439115316338,-0.0146505018939,0.0015921708577,0.0775879266754,0.0335979843813,0.0423398316154,0.0492071988286,0.0746970999116,0.0562040366882,False
180,1.04999995232,2.34055564572e-16,0.143341064453,-0.780624389648,0.387390136719,0.126857015365,0.125668979203,0.136514969058,0.0424240112305,-0.943955993652,0.292138671875,0.000138910482458,-0.0129785427299,-0.00167102705758,0.0833283583856,0.0756388273606,0.0532214814969,0.0485849427971,0.0851735024073,0.099915995196,False
181,1.04999995232,2.34055564572e-16,0.194946289062,-0.908233642578,0.292129516602,0.0583187004989,0.121786090333,0.0829643921748,0.121884155273,-0.963407897949,0.217149353027,-0.0158080182301,-0.00883138838564,0.00636484847885,0.0628973626706,0.0490476159678,0.0413276735829,0.0441196355075,0.0756126571184,0.0594860833379,False
182,1.04999995232,2.34055564572e-16,0.128753662109,-0.921813964844,0.312866210938,0.0674490819801,0.0671377584487,0.137365316394,0.0293899536133,-1.00272979736,0.217720031738,-0.00878259927447,-0.0206866097678,-0.00760665386354,0.0842182016277,0.0490603901521,0.0485689315874,0.047275174234,0.0792481761211,0.0748170042571,False
183,1.04999995232,2.34055564572e-16,0.11637878418,-0.719589233398,0.265441894531,0.0590143181756,0.0614545726825,0.125959263761,0.0655517578125,-0.942864990234,0.200105285645,-0.00700310166569,-0.00325006853111,0.0118782843572,0.0426443350991,0.0972546889091,0.0412049217125,0.0734228638387,0.0344509518384,0.0468714017014,False
184,1.04999995232,0.0,0.10954284668,-0.922561645508,0.215438842773,0.0486636762829,-0.00322455544787,0.129741485141,0.0526994977679,-0.946395874023,0.168714250837,0.00787005951793,-0.0310443546916,0.04143840611,0.0341070012133,0.0161163033435,0.0402961897181,0.0278313529372,0.0298665824086,0.0628020535061,False
