timestamp,latitude,longitude,speed,accelerometerX,accelerometerY,accelerometerZ
1,40.4406447600646,-79.9600233080753,13.5,0.01898193359375,-0.893524169921875,0.0694732666015625
2,40.4405522372867,-79.9601496958921,14.4899997711182,0.103286743164062,-1.05325317382812,0.153045654296875
3,40.4404544481896,-79.9602796413648,14.7700004577637,-0.154754638671875,-0.795303344726562,0.442001342773438
4,40.4403535658653,-79.9604228747329,15.0500001907349,0.144699096679688,-0.843841552734375,0.131240844726562
5,40.4402574713791,-79.9605593102979,15.0100002288818,-0.047821044921875,-0.958480834960938,0.103958129882812
6,40.4401664919307,-79.9606884834995,14.7799997329712,0.0947723388671875,-1.02305603027344,0.21539306640625
7,40.4400742652336,-79.9608194275528,14.7799997329712,-0.189224243164062,-0.97064208984375,-0.0318756103515625
8,40.4399899501374,-79.9609391386646,13.6999998092651,-0.020599365234375,-1.01113891601562,-0.015167236328125
9,40.4399210174533,-79.9610370097295,11.5100002288818,-0.0526580810546875,-1.02996826171875,-0.13995361328125
10,40.4398636329699,-79.9611184845853,9.78999996185303,-0.105316162109375,-1.02044677734375,-0.0681915283203125
11,40.4398150461205,-79.9611872206172,8.10999965667725,-0.0675201416015625,-1.05064392089844,0.01336669921875
12,40.4397723864927,-79.9612472934907,6.21000003814697,-0.021514892578125,-0.992416381835938,0.108352661132812
13,40.4397326937092,-79.9613031884828,5.94999980926514,0.123001098632812,-1.04339599609375,0.131393432617188
14,40.4396922101389,-79.9613601970533,5.98999977111816,-0.070404052734375,-1.00093078613281,0.192916870117188
15,40.439651568578,-79.9614174281046,6.96999979019165,-0.0317230224609375,-1.00900268554688,0.102890014648438
16,40.4396081889296,-79.9614785149042,6.96000003814697,-0.0250091552734375,-1.119384765625,0.197311401367188
17,40.439569706707,-79.9615327051962,6.98000001907349,0.0675048828125,-1.07356262207031,0.192672729492188
18,40.4395221352729,-79.9615996948277,7.6399998664856,0.13824462890625,-0.98858642578125,0.21978759765625
19,40.4394725473686,-79.9616695240329,8.52000045776367,-0.016876220703125,-0.9439697265625,0.103515625
20,40.4394185579621,-79.9617455513906,8.89999961853027,-0.100540161132812,-0.974105834960938,0.09326171875
21,40.4393628287299,-79.9618176407938,8.3100004196167,0.0814208984375,-0.975296020507812,0.0572662353515625
22,40.4392917935138,-79.9619037357207,10.1999998092651,0.0635528564453125,-1.0562744140625,0.164688110351562
23,40.4392242689302,-79.9619855757489,10.1999998092651,-0.0175018310546875,-1.11958312988281,0.175796508789062
24,40.4391461103617,-79.9620803042034,10.6800003051758,-0.0538177490234375,-0.994476318359375,0.169219970703125
25,40.439073983373,-79.9621825709119,11.2600002288818,0.054290771484375,-0.95025634765625,0.225906372070312
26,40.4390023768282,-79.9622821875657,11.6700000762939,-0.0078582763671875,-0.927642822265625,0.168624877929688
27,40.4389254393127,-79.9623875586018,11.9300003051758,0.0754852294921875,-1.084228515625,0.181488037109375
28,40.4388476917054,-79.9624940391125,12.3500003814697,0.010528564453125,-0.949493408203125,0.16058349609375
29,40.438769906645,-79.9625984431114,12.0299997329712,-0.05023193359375,-0.959716796875,0.1641845703125
30,40.4386965157737,-79.9626944198885,11.5600004196167,0.008941650390625,-1.0111083984375,0.156478881835938
31,40.4386298397204,-79.9627816153747,10.9499998092651,0.0189208984375,-0.971771240234375,0.129623413085938
32,40.4385736712557,-79.9628548927073,9.75,-0.0682220458984375,-0.7650146484375,0.114212036132812
33,40.4385105245425,-79.9629365568969,9.93000030517578,-0.03704833984375,-0.975448608398438,0.179733276367188
34,40.4384397351668,-79.9630281049239,10.25,-0.0429534912109375,-0.978286743164062,0.121414184570312
35,40.4383921676528,-79.9630896213875,10.039999961853,-0.0459747314453125,-0.992904663085938,-0.0205078125
36,40.438327906204,-79.9631719228532,7.80999994277954,-0.0456085205078125,-1.02630615234375,-0.06378173828125
37,40.4382845441687,-79.9632274467994,5.96000003814697,-0.0556182861328125,-1.01388549804688,0.009429931640625
38,40.4382504258583,-79.9632711343988,4.21000003814697,-0.0734710693359375,-0.99127197265625,0.0337677001953125
39,40.4382309714123,-79.9632960453054,3.23000001907349,-0.052886962890625,-1.03755187988281,0.0235748291015625
40,40.4382057531646,-79.9633283366087,3.47000002861023,-0.0369110107421875,-1.01289367675781,0.0428314208984375
41,40.4381906932237,-79.9633476204671,1.87999999523163,0.0049896240234375,-1.01683044433594,0.0770263671875
42,40.4381788056199,-79.9633628422313,1.82000005245209,-0.003936767578125,-0.988052368164062,0.133987426757812
43,40.4381679417853,-79.9633767530859,1.82000005245209,-0.0469207763671875,-1.00700378417969,0.010101318359375
44,40.4381583202536,-79.9633890732042,1.04999995231628,-0.02142333984375,-0.99737548828125,0.057861328125
45,40.4381537719494,-79.9633948971882,0.600000023841858,0.0336456298828125,-0.991653442382812,0.109207153320312
46,40.4381532543389,-79.9633955599749,0.660000026226044,-0.0043487548828125,-0.987091064453125,0.103713989257812
47,40.43814776484,-79.9634026907403,1.05999994277954,0.002227783203125,-0.992462158203125,0.156448364257812
48,40.4381407311961,-79.9634120217824,1.07000005245209,0.050262451171875,-0.970993041992188,0.22393798828125
49,40.4381291822823,-79.9634273429166,2.20000004768372,0.108001708984375,-0.98773193359375,0.174423217773438
50,40.4381076846432,-79.9634558623271,3.41000008583069,0.0885772705078125,-1.00740051269531,0.169387817382812
51,40.4380770830179,-79.9634964593578,4.67999982833862,0.0247802734375,-0.961517333984375,0.219772338867188
52,40.4380462662643,-79.963537341784,6.69000005722046,0.0306243896484375,-0.97412109375,0.220672607421875
53,40.4379932940437,-79.9636360630819,7.57000017166138,-0.0026092529296875,-0.989501953125,0.22015380859375
54,40.4379618964484,-79.9637151457513,8.28999996185303,0.0572357177734375,-0.951339721679688,0.135635375976562
55,40.4379267145762,-79.9638040387825,9.11999988555908,-0.0960235595703125,-1.09358215332031,0.2423095703125
56,40.4378908978052,-79.9639036589545,9.5600004196167,-0.0794525146484375,-0.97357177734375,0.25543212890625
57,40.4378667422778,-79.9639708992595,9.81999969482422,-0.116806030273438,-1.03770446777344,0.17108154296875
58,40.4378404587673,-79.9641083668936,10.9399995803833,-0.021209716796875,-0.985275268554688,0.222671508789062
59,40.4378143846656,-79.9642541833166,11.75,0.102188110351562,-1.07487487792969,0.0531463623046875
60,40.4377905877302,-79.9644197115142,12.0799999237061,-0.0946807861328125,-1.04191589355469,-0.072906494140625
61,40.4377764034052,-79.9645285767042,10.3500003814697,0.268020629882812,-0.912246704101562,-0.068267822265625
62,40.4377635914552,-79.9646295755942,9.81999969482422,-0.133880615234375,-0.6553955078125,0.341018676757812
63,40.4377395438161,-79.9647486670121,10.5799999237061,0.228561401367188,-1.07347106933594,0.04052734375
64,40.4377089772429,-79.9648787875077,11.8400001525879,0.062225341796875,-0.97003173828125,0.161849975585938
65,40.4376579391845,-79.9650107026801,12.3400001525879,0.0917205810546875,-1.01052856445312,0.037872314453125
66,40.4376061297328,-79.9651428101398,12.2600002288818,0.109451293945312,-1.0277099609375,0.06097412109375
67,40.437576992356,-79.9652171067152,12.3100004196167,0.0698394775390625,-0.972763061523438,0.0986480712890625
68,40.43752665501,-79.9653156413269,12.3800001144409,0.09356689453125,-1.09791564941406,-0.0010223388671875
69,40.4374404251952,-79.9655019399523,13.2600002288818,0.23260498046875,-1.12588500976562,-0.04437255859375
70,40.437356564254,-79.9655917101353,11.4700002670288,0.06121826171875,-0.933731079101562,0.0511932373046875
71,40.4372571967919,-79.9656788819283,13.6000003814697,-0.0267333984375,-0.93280029296875,-0.005218505859375
72,40.4371483158697,-79.9657602702081,14.1300001144409,-0.050750732421875,-0.957168579101562,0.0472869873046875
73,40.4370306758587,-79.9658536446094,14.5799999237061,-0.0739288330078125,-0.987899780273438,0.25457763671875
74,40.43692581825,-79.965939810574,14.5900001525879,-0.16455078125,-0.892791748046875,0.248977661132812
75,40.4368204996366,-79.96606914334,15.2799997329712,-0.177490234375,-0.900619506835938,0.292892456054688
76,40.4367170669515,-79.9661913514882,15.5600004196167,-0.219879150390625,-1.01481628417969,0.319412231445312
77,40.4366400372614,-79.9663523678481,15.5699996948242,-0.0683746337890625,-0.918899536132812,0.210647583007812
78,40.4365692939986,-79.9665197544545,15.8500003814697,-0.297103881835938,-0.850341796875,0.271484375
79,40.4365196731318,-79.9667017255723,16.1700000762939,-0.0562744140625,-1.02317810058594,0.3411865234375
80,40.4364880123552,-79.9668789987933,16.9300003051758,-0.042572021484375,-1.03309631347656,0.39764404296875
81,40.4364612512669,-79.9670987856675,18.0499992370605,0.0653533935546875,-1.10972595214844,0.321701049804688
82,40.4364553370269,-79.9673168511871,19.4400005340576,0.003509521484375,-1.00001525878906,0.146469116210938
83,40.4364553370269,-79.9675575980236,20.7900009155273,0.08160400390625,-1.00650024414062,0.189498901367188
84,40.4364553370269,-79.96779685942,21.3700008392334,-0.0172882080078125,-0.969879150390625,0.143692016601562
85,40.4364553370269,-79.9680470538757,21.5900001525879,-0.10919189453125,-0.980087280273438,0.0535430908203125
86,40.4364553370269,-79.9680470538757,21.5900001525879,-0.251907348632812,-1.08981323242188,-0.05706787109375
87,40.436448762231,-79.9685428106039,20.25,-0.349960327148438,-0.832244873046875,0.119842529296875
88,40.436464771666,-79.9687713012844,19.0400009155273,-0.164825439453125,-0.724212646484375,0.387847900390625
89,40.4365080641959,-79.9689915776998,19.4799995422363,-0.1466064453125,-1.04397583007812,0.313079833984375
90,40.4365660250564,-79.969211602658,19.7000007629395,0.056549072265625,-0.950149536132812,0.164642333984375
91,40.4366397858043,-79.9694408477097,20.9200000762939,-0.0054779052734375,-1.00357055664062,0.159866333007812
92,40.4367109062527,-79.9696697574854,21.5300006866455,-0.0001678466796875,-1.26197814941406,0.123870849609375
93,40.4367887322236,-79.9699054566025,21.4400005340576,-0.103866577148438,-0.974334716796875,0.19854736328125
94,40.436862534881,-79.9701433350146,21.0,-0.11346435546875,-0.949142456054688,0.02545166015625
95,40.4369369242717,-79.9703594204783,19.9799995422363,-0.07000732421875,-0.93841552734375,0.0323638916015625
96,40.4370035184924,-79.9705748353898,18.8799991607666,-0.114273071289062,-1.00962829589844,0.134811401367188
97,40.4370706156273,-79.9707923457771,18.8299999237061,-0.227890014648438,-0.841522216796875,0.0489044189453125
98,40.437137293667,-79.9709878955781,18.5900001525879,-0.0425567626953125,-0.97369384765625,0.224227905273438
99,40.4372035526116,-79.9711919111013,18.3799991607666,-0.199462890625,-0.89801025390625,0.074462890625
100,40.4372743796934,-79.971378827542,17.7900009155273,-0.203994750976562,-0.942230224609375,0.02056884765625
101,40.4373331368346,-79.9715541769564,16.0400009155273,-0.144882202148438,-1.0137939453125,-0.133148193359375
102,40.4373904690523,-79.9717062246799,13.5699996948242,-0.124252319335938,-0.993362426757812,-0.136184692382812
103,40.4374394612763,-79.9718304444849,10.8400001525879,-0.171981811523438,-0.965576171875,-0.13336181640625
104,40.4374699714039,-79.9719197955727,8.13000011444092,-0.163009643554688,-1.03219604492188,-0.136886596679688
105,40.4374907585238,-79.9719876051694,5.1399998664856,-0.189895629882812,-1.02415466308594,-0.15228271484375
106,40.437499391884,-79.9720228091627,2.46000003814697,-0.148345947265625,-0.999130249023438,-0.0514373779296875
107,40.4375011939932,-79.9720433448255,0.349999994039536,-0.024078369140625,-1.00459289550781,0.10797119140625
108,40.4375011939932,-79.9720433448255,0.0,-0.0265045166015625,-0.990997314453125,0.101318359375
109,40.4375011939932,-79.9720433448255,0.0,-0.021392822265625,-0.994781494140625,0.0982666015625
110,40.4375011939932,-79.9720433448255,0.0,-0.02838134765625,-0.993789672851562,0.101638793945312
111,40.4375011939932,-79.9720433448255,0.0,-0.0237579345703125,-0.995346069335938,0.0990142822265625
112,40.4375011939932,-79.9720433448255,0.0,-0.0322723388671875,-0.992080688476562,0.101394653320312
113,40.4375011939932,-79.9720433448255,0.0,-0.02886962890625,-0.994476318359375,0.0991058349609375
114,40.4375011939932,-79.9720433448255,0.0,-0.0287933349609375,-0.993362426757812,0.101089477539062
115,40.4375011939932,-79.9720433448255,0.0,-0.0262603759765625,-0.992767333984375,0.0988006591796875
116,40.4375011939932,-79.9720433448255,0.0,-0.0272674560546875,-0.995040893554688,0.09613037109375
117,40.4375011939932,-79.9720433448255,0.0,-0.0304107666015625,-0.993484497070312,0.101272583007812
118,40.4375011939932,-79.9720433448255,0.0,-0.0292510986328125,-0.993789672851562,0.0955963134765625
119,40.4375011939932,-79.9720433448255,0.0,0.003631591796875,-0.989410400390625,0.155776977539062
120,40.4374984279652,-79.9720238988101,0.699999988079071,0.0673065185546875,-0.993408203125,0.2376708984375
121,40.4375056364019,-79.9720460270345,2.15000009536743,0.017059326171875,-1.00875854492188,0.168472290039062
122,40.4375160718713,-79.972076369524,3.03999996185303,0.0245513916015625,-0.960861206054688,0.150604248046875
123,40.4375334224109,-79.9721146748215,3.8199999332428,0.0252532958984375,-1.01042175292969,0.1356201171875
124,40.4375473782797,-79.972163541317,4.76000022888184,-0.0140533447265625,-0.974578857421875,0.181381225585938
125,40.4375637229909,-79.9722155929357,4.92000007629395,-0.0088958740234375,-1.0013427734375,0.134490966796875
126,40.4375685425852,-79.9722612743079,5.28999996185303,-0.036285400390625,-0.982437133789062,0.131072998046875
127,40.4375920957331,-79.9723228812963,5.84999990463257,0.04010009765625,-0.995361328125,0.102996826171875
128,40.4376138886813,-79.9723925349116,6.40000009536743,0.148651123046875,-1.00634765625,0.043975830078125
129,40.4376317421351,-79.972462356165,6.92000007629395,0.26422119140625,-0.944656372070312,0.0262908935546875
130,40.4376311134924,-79.972544247359,6.65999984741211,0.552627563476562,-1.06532287597656,-0.14398193359375
131,40.4375744099174,-79.9726254680007,7.82000017166138,0.4600830078125,-1.02857971191406,0.050567626953125
132,40.4375159880523,-79.972684225142,8.14999961853027,0.2193603515625,-0.936431884765625,-0.0191497802734375
133,40.4374372819815,-79.9727207702398,9.52000045776367,-0.0233306884765625,-1.35714721679688,0.304412841796875
134,40.4373536305879,-79.9727409706264,10.0200004577637,0.141494750976562,-1.03724670410156,0.240036010742188
135,40.4372605495531,-79.9727590755373,11.0299997329712,0.105361938476562,-1.05816650390625,0.261306762695312
136,40.4371540155638,-79.972779359743,12.4799995422363,0.139541625976562,-0.995071411132812,0.244277954101562
137,40.4370324779678,-79.9728003983199,13.8000001907349,0.0519256591796875,-0.9322509765625,0.13812255859375
138,40.4369079647962,-79.9728268013149,14.7799997329712,0.041412353515625,-0.942474365234375,0.068603515625
139,40.4367737286169,-79.9728573952615,15.7399997711182,-0.06732177734375,-0.815185546875,0.021087646484375
140,40.4366256203879,-79.9728805293143,16.7000007629395,0.08367919921875,-1.13334655761719,0.278091430664062
141,40.4364722734694,-79.9729118776321,17.7800006866455,0.0894927978515625,-1.1796875,0.242874145507812
142,40.436306186058,-79.972948590368,18.7199993133545,-0.251876831054688,-1.04350280761719,0.0148468017578125
143,40.4361393023659,-79.9729868956655,19.4500007629395,-0.0177459716796875,-0.829437255859375,-0.0594635009765625
144,40.4359636595849,-79.9730310682952,19.9699993133545,0.064544677734375,-0.958847045898438,0.0904693603515625
145,40.4357813951005,-79.9730719719827,20.3500003814697,0.41839599609375,-1.10867309570312,0.608749389648438
146,40.4355990048875,-79.9731104449182,20.8600006103516,0.036773681640625,-1.156494140625,0.145111083984375
147,40.4354103282471,-79.9731523544341,21.1100006103516,0.0411224365234375,-0.968978881835938,0.093780517578125
148,40.4352149460841,-79.9731975328922,21.5100002288818,-0.193359375,-0.767471313476562,-0.01800537109375
149,40.4350245511536,-79.9732416217029,21.7800006866455,-0.775970458984375,-0.74713134765625,-0.460418701171875
150,40.434833988585,-79.9732847885042,22.0400009155273,-0.041473388671875,-0.900955200195312,0.0293426513671875
151,40.4346341221039,-79.9733272009343,22.0300006866455,-0.0363616943359375,-0.963241577148438,0.123580932617188
152,40.4344441462685,-79.9733618181944,22.0,0.2158203125,-0.760879516601562,0.1810302734375
153,40.4342431482304,-79.9734043982625,21.9799995422363,-0.212783813476562,-1.00750732421875,0.152435302734375
154,40.4340436170254,-79.9734505825489,21.9699993133545,0.006103515625,-0.945388793945312,0.111068725585938
155,40.4338507075239,-79.9734913185984,21.7900009155273,-0.023651123046875,-0.988510131835938,0.131271362304688
156,40.4336532717947,-79.973532557562,21.6900005340576,0.1265869140625,-1.17106628417969,-0.045989990234375
157,40.4334607813884,-79.9735717848688,21.5699996948242,0.29290771484375,-1.16323852539062,0.66064453125
158,40.4332679976154,-79.9736097548902,21.3999996185303,0.0753173828125,-0.926910400390625,0.12335205078125
159,40.4330654908348,-79.9736581184715,21.8799991607666,0.0124969482421875,-1.04792785644531,0.221054077148438
160,40.4328721203286,-79.9736970105022,21.8799991607666,-0.009246826171875,-1.10580444335938,0.204803466796875
161,40.4326752294231,-79.9737374950945,21.8400001525879,-0.0131683349609375,-1.06027221679688,0.130584716796875
162,40.4324832000215,-79.9737760518491,21.7800006866455,-0.184005737304688,-1.03871154785156,0.333389282226562
163,40.4322882788632,-79.9738150276988,21.75,0.140914916992188,-0.956008911132812,0.0560150146484375
164,40.4320965847377,-79.9738483038544,21.7700004577637,-0.0116119384765625,-0.94781494140625,0.12225341796875
165,40.4319088301067,-79.9738809094578,20.8600006103516,-0.0493927001953125,-1.20303344726562,0.033172607421875
166,40.4317316785831,-79.9739034567773,18.9799995422363,-0.171096801757812,-1.27113342285156,-0.04034423828125
167,40.4315717099611,-79.973918376565,16.9599990844727,-0.0450439453125,-1.01292419433594,-0.169281005859375
168,40.4314339533825,-79.9739194662124,15.0,-0.073028564453125,-1.00877380371094,0.0077056884765625
169,40.4313060455401,-79.9739089050144,13.2700004577637,-0.04278564453125,-0.897415161132812,-0.155990600585938
170,40.4311965359751,-79.9738928117603,11.9099998474121,-0.151947021484375,-0.963165283203125,0.108993530273438
171,40.4310940672089,-79.9738694262504,11.1199998855591,0.0106658935546875,-1.04512023925781,0.11798095703125
172,40.4309975915034,-79.97384176597,11.1099996566772,0.0826568603515625,-1.01597595214844,0.14874267578125
173,40.4308925662566,-79.9738129322231,12.6700000762939,0.203964233398438,-0.90631103515625,0.402297973632812
174,40.4307682207231,-79.9737749622017,14.7700004577637,-0.01165771484375,-0.97283935546875,0.438323974609375
175,40.430626692288,-79.9737367407232,17.0300006866455,0.15240478515625,-1.18659973144531,0.351043701171875
176,40.4304672265802,-79.973699189797,18.7900009155273,-0.00244140625,-1.05044555664062,0.38592529296875
177,40.4302920867134,-79.9736612197757,19.6100006103516,0.125869750976562,-1.14158630371094,0.116683959960938
178,40.4301166115705,-79.9736331404,19.8299999237061,-0.0173187255859375,-0.95709228515625,0.261123657226562
179,40.4299418907989,-79.9736113474518,19.6000003814697,-0.681838989257812,-1.13410949707031,0.306884765625
180,40.4297672957558,-79.9735963438451,19.2600002288818,0.02093505859375,-0.988449096679688,-0.00201416015625
181,40.4295970593024,-79.9735883810371,18.8099994659424,-0.113189697265625,-0.992523193359375,0.111221313476562
182,40.4294287087772,-79.9735903926939,18.2700004577637,-0.06219482421875,-0.931625366210938,0.043548583984375
183,40.4292678181459,-79.9736022949964,17.5900001525879,-0.071136474609375,-1.0303955078125,0.057373046875
184,40.4291171115268,-79.9736173824221,16.7999992370605,-0.131317138671875,-0.908798217773438,-0.0186920166015625
185,40.4289775109295,-79.9736324698478,14.960000038147,0.0411376953125,-0.98370361328125,-0.0130157470703125
186,40.4288516147439,-79.9736452941596,13.1700000762939,-0.0610504150390625,-1.09352111816406,0.026336669921875
187,40.4287447454784,-79.9736607168615,11.1999998092651,-0.194839477539062,-1.01284790039062,-0.0310821533203125
188,40.4286527121816,-79.9736830127239,9.59000015258789,-0.254531860351562,-0.879745483398438,0.127395629882812
189,40.4285791190718,-79.9737194740027,8.63000011444092,-0.179412841796875,-1.11354064941406,0.0774688720703125
190,40.4285207391162,-79.9737701845169,7.57000017166138,-0.132308959960938,-0.989013671875,0.113479614257812
191,40.4284761054818,-79.9738244992494,6.34000015258789,-0.12847900390625,-0.983413696289062,0.100936889648438
192,40.4284509178628,-79.9738704320788,4.53000020980835,-0.220901489257812,-0.989578247070312,0.0321807861328125
193,40.4284353694324,-79.9739082344621,2.89000010490417,-0.06884765625,-0.957382202148438,0.0807037353515625
194,40.4284266941626,-79.973934302181,2.01999998092651,-0.0370025634765625,-1.00430297851562,0.0257110595703125
195,40.4284238443155,-79.9739480485022,0.939999997615814,-0.00299072265625,-0.9918212890625,0.0830230712890625
196,40.428422503211,-79.9739541672915,0.349999994039536,0.0382537841796875,-0.982421875,0.13299560546875
197,40.4284212459255,-79.9739584420621,0.419999986886978,-0.0254364013671875,-1.00408935546875,0.03936767578125
198,40.4284212459255,-79.9739584420621,0.0,0.0196380615234375,-0.989349365234375,0.125015258789062
199,40.4284194438163,-79.9739647284895,0.300000011920929,0.007598876953125,-0.992218017578125,0.0924072265625
200,40.4284194438163,-79.9739647284895,0.0,0.0056610107421875,-0.9996337890625,0.111557006835938
201,40.4284194438163,-79.9739647284895,0.0,0.0118408203125,-0.990982055664062,0.121200561523438
202,40.4284194438163,-79.9739647284895,0.0,0.010467529296875,-0.988784790039062,0.119308471679688
203,40.4284194438163,-79.9739647284895,0.0,0.01483154296875,-0.990325927734375,0.119979858398438
204,40.4284194438163,-79.9739647284895,0.0,0.015777587890625,-0.992965698242188,0.117950439453125
205,40.4284194438163,-79.9739647284895,0.0,0.015045166015625,-0.993133544921875,0.12139892578125
206,40.4284194438163,-79.9739647284895,0.0,0.022216796875,-0.989776611328125,0.1468505859375
207,40.428419821002,-79.9739695899933,0.230000004172325,-0.0029754638671875,-0.987991333007812,0.114089965820312
208,40.4284189828117,-79.9739726912975,0.159999996423721,0.027984619140625,-0.99237060546875,0.126327514648438
209,40.4284189828117,-79.9739726912975,0.0,0.004486083984375,-0.988250732421875,0.0884552001953125
210,40.4284189828117,-79.9739726912975,0.0,0.008880615234375,-0.988494873046875,0.129501342773438
211,40.4284189828117,-79.9739726912975,0.0,0.02197265625,-0.986679077148438,0.113143920898438
212,40.4284189828117,-79.9739726912975,0.0,0.0078277587890625,-0.984649658203125,0.134780883789062
213,40.4284189828117,-79.9739726912975,0.0,0.026123046875,-0.989593505859375,0.109222412109375
214,40.4284189828117,-79.9739726912975,0.0,0.0136871337890625,-0.984375,0.1114501953125
215,40.4284189828117,-79.9739726912975,0.0,0.0176239013671875,-0.991302490234375,0.101119995117188
216,40.4284189828117,-79.9739726912975,0.0,0.000244140625,-0.992462158203125,0.122360229492188
217,40.4284189828117,-79.9739726912975,0.0,0.01177978515625,-0.999588012695312,0.107131958007812
218,40.4284189828117,-79.9739726912975,0.0,0.0320587158203125,-0.9771728515625,0.124649047851562
219,40.4284189828117,-79.9739726912975,0.0,0.007049560546875,-0.989456176757812,0.131820678710938
220,40.4284180608023,-79.9739779718965,0.430000007152557,0.0408172607421875,-0.979339599609375,0.131439208984375
221,40.4284170968835,-79.9739858508855,0.75,0.018707275390625,-0.9842529296875,0.150543212890625
222,40.4284150014077,-79.9739966635406,0.990000009536743,0.01904296875,-0.973831176757812,0.135452270507812
223,40.4284142889459,-79.9740081467479,0.959999978542328,0.00457763671875,-1.00703430175781,0.0618896484375
224,40.4284137441222,-79.9740166962892,0.589999973773956,-0.0128631591796875,-0.996871948242188,0.0772247314453125
225,40.4284139536698,-79.9740203843266,0.150000005960464,0.04901123046875,-0.974212646484375,0.169769287109375
226,40.4284128221128,-79.9740217254311,0.189999997615814,0.0496063232421875,-0.988754272460938,0.128280639648438
227,40.4284127802033,-79.9740247429162,0.379999995231628,0.028533935546875,-0.990081787109375,0.132904052734375
228,40.4284128221128,-79.9740312808007,0.610000014305115,0.01544189453125,-0.994110107421875,0.151229858398438
229,40.4284122353796,-79.9740392436087,0.759999990463257,0.0525665283203125,-1.01011657714844,0.137680053710938
230,40.4284111038227,-79.9740513135493,1.12999999523163,0.024169921875,-0.96234130859375,0.265396118164062
231,40.4284107685466,-79.9740729388594,2.11999988555908,0.0542449951171875,-0.927871704101562,0.207565307617188
232,40.4284094693516,-79.9741052091866,3.0699999332428,0.0463104248046875,-0.980850219726562,0.201156616210938
233,40.4284108523656,-79.9741546624154,4.32000017166138,-0.0823822021484375,-0.933944702148438,0.338043212890625
234,40.4284148337696,-79.9742114917189,5.23999977111816,0.11614990234375,-1.03411865234375,0.344329833984375
235,40.428417222612,-79.9742798042297,6.15000009536743,0.0269012451171875,-0.9761962890625,0.192718505859375
236,40.4283956815881,-79.9743560524445,6.19999980926514,0.103073120117188,-0.969085693359375,0.271636962890625
237,40.4283994814005,-79.974434136518,6.76999998092651,-0.173980712890625,-1.00392150878906,0.0395355224609375
238,40.4284035958694,-79.9745186866131,7.86999988555908,0.148147583007812,-1.20346069335938,0.3309326171875
239,40.4284082508876,-79.9746143447002,7.57999992370605,0.1143798828125,-1.06221008300781,0.013458251953125
240,40.4284091375248,-79.9746325646098,8.14999961853027,0.104598999023438,-1.10342407226562,0.153213500976562
241,40.4284177188533,-79.9748062407163,8.64000034332275,0.439346313476562,-1.34330749511719,0.32940673828125
242,40.4284227385669,-79.9749077944354,8.60000038146973,-0.257827758789062,-0.48394775390625,0.25244140625
243,40.4284281335991,-79.9750169412151,9.14999961853027,0.357147216796875,-1.10948181152344,-0.0269317626953125
244,40.4284334542078,-79.975124582334,9.22000026702881,-0.078826904296875,-0.921676635742188,0.15765380859375
245,40.4284386574322,-79.9752298486558,8.72999954223633,-0.259170532226562,-0.893997192382812,0.211883544921875
246,40.4284435004057,-79.9753278267467,8.01000022888184,-0.04705810546875,-0.95513916015625,0.0579681396484375
247,40.4284480363017,-79.9754199786326,7.59000015258789,-0.27545166015625,-0.909957885742188,0.0601806640625
248,40.4284522510637,-79.9755057987891,7.17000007629395,0.0121612548828125,-1.08122253417969,-0.0211639404296875
249,40.4284562249725,-79.9755867147422,6.30999994277954,-0.0660247802734375,-0.971420288085938,-0.0196533203125
250,40.4284588702882,-79.9756405781415,4.48999977111816,-0.137664794921875,-1.02066040039062,-0.146881103515625
251,40.4284612378308,-79.9756863428997,2.98000001907349,0.0574951171875,-1.09175109863281,0.0734710693359375
252,40.4284627652687,-79.9757154382488,2.03999996185303,-0.095001220703125,-0.965652465820312,-0.00640869140625
253,40.428463622581,-79.9757317687346,1.21000003814697,-0.0640106201171875,-1.01124572753906,-0.00579833984375
254,40.4284636370093,-79.9757320435718,0.0,0.0118255615234375,-1.0018310546875,0.107452392578125
255,40.4284636998615,-79.9757332408105,0.0,0.021087646484375,-0.991058349609375,0.114761352539062
256,40.4284637019611,-79.9757332808043,0.0,0.025909423828125,-0.999374389648438,0.119125366210938
257,40.4284637040798,-79.9757333211618,0.0,0.020965576171875,-0.993453979492188,0.113967895507812
258,40.428463706197,-79.9757333614916,0.0,0.015411376953125,-0.992431640625,0.115921020507812
259,40.4284637083153,-79.9757334018424,0.0,0.0228118896484375,-0.994003295898438,0.114105224609375
260,40.4284636559295,-79.9757324039727,0.0,0.025177001953125,-0.994125366210938,0.113739013671875
261,40.4284636806873,-79.9757328755702,0.0,0.0223388671875,-0.993392944335938,0.1146240234375
262,40.4284635809788,-79.9757309762759,0.0,0.0214691162109375,-0.993270874023438,0.112106323242188
263,40.4284636111456,-79.9757315509081,0.0,0.0173492431640625,-0.992660522460938,0.116195678710938
264,40.4284636562414,-79.9757324099136,0.0,0.024078369140625,-0.993560791015625,0.112457275390625
265,40.4284636583581,-79.9757324502338,0.0,0.01715087890625,-0.990875244140625,0.11126708984375
266,40.4284635833492,-79.975731021429,0.0,0.0222625732421875,-0.994293212890625,0.110748291015625
267,40.4284636634099,-79.9757325464627,0.0,0.0192108154296875,-0.993621826171875,0.11163330078125
268,40.428463665528,-79.9757325868102,0.0,0.0196685791015625,-0.992111206054688,0.11553955078125
269,40.4284636676462,-79.9757326271582,0.0,0.019989013671875,-0.990951538085938,0.109298706054688
270,40.4284638108508,-79.9757353549867,0.0,0.0173797607421875,-0.986221313476562,0.100540161132812
271,40.4284636134377,-79.975731594569,0.0,0.017608642578125,-0.992340087890625,0.114913940429688
272,40.4284636603744,-79.9757324886422,0.0,0.024566650390625,-0.992263793945312,0.113967895507812
273,40.4284636624895,-79.9757325289306,0.0,0.0270538330078125,-0.992752075195312,0.115463256835938
274,40.4284636646041,-79.9757325692111,0.0,0.0198211669921875,-0.995880126953125,0.114166259765625
275,40.4284637150894,-79.9757335308791,0.0,0.0446929931640625,-0.992828369140625,0.13616943359375
276,40.4284642541637,-79.975743799418,0.409999996423721,0.002777099609375,-1.007080078125,0.09295654296875
277,40.4284644305842,-79.9757471599579,0.219999998807907,0.04010009765625,-0.988967895507812,0.137130737304688
278,40.4284644040789,-79.9757466550719,0.0,0.0376739501953125,-0.982162475585938,0.1529541015625
279,40.428464524314,-79.9757489453673,0.409999996423721,0.0489349365234375,-0.978927612304688,0.176040649414062
280,40.4284650212989,-79.975758412168,1.02999997138977,0.110366821289062,-0.9757080078125,0.190765380859375
281,40.4284657596325,-79.9757724762896,1.45000004768372,0.0947113037109375,-0.979949951171875,0.265090942382812
282,40.4284668572488,-79.9757933841981,2.08999991416931,0.220901489257812,-1.03126525878906,0.294418334960938
283,40.4284687993845,-79.9758303789065,3.75,0.168838500976562,-1.007080078125,0.480484008789062
284,40.4284722237509,-79.9758956078383,6.09999990463257,0.352554321289062,-0.986312866210938,0.163482666015625
285,40.4284771075686,-79.97598863708,8.11999988555908,0.09429931640625,-0.946090698242188,0.151443481445312
286,40.4284823676649,-79.9760888338515,9.02000045776367,-0.111434936523438,-0.645233154296875,0.192886352539062
287,40.4284878331084,-79.9761929421733,8.72000026702881,-0.0467681884765625,-0.96075439453125,0.0639495849609375
288,40.4284918911285,-79.9762702412367,8.32999992370605,0.0315093994140625,-1.09490966796875,0.294586181640625
289,40.4285007432734,-79.9763934515043,8.03999996185303,0.37725830078125,-0.902603149414062,-0.307144165039062
290,40.4285074982936,-79.9764868402261,7.69000005722046,-0.123443603515625,-0.8135986328125,0.216323852539062
291,40.4285144020108,-79.9765822846962,8.02999973297119,0.196731567382812,-1.06106567382812,0.0186004638671875
292,40.4285215006357,-79.9766804237827,8.25,-0.0958251953125,-0.982589721679688,0.179367065429688
293,40.4285283949932,-79.9767757388553,8.15999984741211,0.179611206054688,-0.954055786132812,0.208999633789062
294,40.4285353633388,-79.9768720632735,8.14000034332275,-0.0318603515625,-1.14915466308594,-0.0360870361328125
295,40.4285421016656,-79.9769650099494,7.98000001907349,-0.019012451171875,-1.11129760742188,0.3045654296875
296,40.4285485039392,-79.9770533211979,7.69000005722046,0.0092926025390625,-1.06466674804688,-0.0274505615234375
297,40.4285551158353,-79.9771445239225,7.6100001335144,0.0217437744140625,-0.929458618164062,0.120925903320312
298,40.4285618233205,-79.9772362082946,7.59999990463257,0.011138916015625,-0.98760986328125,0.188095092773438
299,40.4285685077219,-79.9773260687493,7.90000009536743,-0.105865478515625,-1.14602661132812,-0.130294799804688
300,40.4285764700141,-79.9774331082812,8.5,0.0965728759765625,-1.07778930664062,0.0270233154296875
301,40.4285837559066,-79.9775310547635,8.71000003814697,0.192596435546875,-0.46282958984375,-0.0367431640625
302,40.4285898766919,-79.9776133383543,8.39000034332275,-0.0955352783203125,-1.01780700683594,0.0879058837890625
303,40.4285959500276,-79.977723289914,8.05000019073486,-0.3660888671875,-0.996917724609375,0.195098876953125
304,40.4286011293137,-79.9778178287982,7.75,0.204025268554688,-1.05934143066406,-0.007720947265625
305,40.4286058982155,-79.9779048768286,7.53000020980835,0.563339233398438,-1.302978515625,0.019683837890625
306,40.4286106547198,-79.9779928191151,7.44000005722046,0.123947143554688,-0.962417602539062,0.095947265625
307,40.4286147218556,-79.978070885655,6.98999977111816,0.019073486328125,-0.974517822265625,0.193756103515625
308,40.4286188107419,-79.9781493696839,7.07000017166138,0.116989135742188,-1.03659057617188,0.327774047851562
309,40.4286233315762,-79.9782361447309,7.32000017166138,0.117843627929688,-1.16476440429688,0.267623901367188
310,40.4286279232373,-79.9783242792596,7.59000015258789,0.111358642578125,-0.957687377929688,0.257247924804688
311,40.428632912531,-79.9784200461375,8.22000026702881,-0.003692626953125,-0.907440185546875,0.277328491210938
312,40.4286380727265,-79.9785190933857,8.67000007629395,-0.127487182617188,-1.07817077636719,0.023284912109375
313,40.4286435090454,-79.9786234406782,8.69999980926514,-0.03118896484375,-0.935760498046875,0.08905029296875
314,40.4286486302488,-79.9787225586421,8.23999977111816,0.538482666015625,-0.905517578125,0.4697265625
315,40.4286535851535,-79.9788193493565,8.19999980926514,0.0448150634765625,-0.946029663085938,0.202194213867188
316,40.4286585963178,-79.9789172390669,8.3100004196167,-0.0297088623046875,-0.906463623046875,0.0503997802734375
317,40.4286633957752,-79.979010993224,8.14000034332275,-0.08648681640625,-0.745071411132812,0.353225708007812
318,40.428668286641,-79.9791065329834,8.36999988555908,0.0977783203125,-0.8153076171875,0.2994384765625
319,40.4286696389972,-79.9791329503474,8.61999988555908,-0.025726318359375,-1.04840087890625,0.0813446044921875
320,40.428680406532,-79.9793060543963,8.69999980926514,0.202880859375,-1.07398986816406,0.115631103515625
321,40.4287311667953,-79.9794085231423,8.36999988555908,0.055938720703125,-0.919158935546875,0.303176879882812
322,40.4287361121182,-79.9795045797527,8.15999984741211,-0.07427978515625,-0.802398681640625,0.06622314453125
323,40.4287418956314,-79.9796028994769,8.09000015258789,0.035858154296875,-1.0169677734375,0.0952301025390625
324,40.4287446616594,-79.9796971120685,7.92000007629395,0.01611328125,-1.1729736328125,0.164474487304688
325,40.4287502775345,-79.9797876366228,7.59000015258789,0.0605316162109375,-0.8995361328125,0.113479614257812
326,40.4287533369292,-79.9798743893206,7.17999982833862,-0.076202392578125,-0.9996337890625,-0.093048095703125
327,40.4287576116998,-79.9799475633353,5.78000020980835,-0.173843383789062,-1.0814208984375,0.0349273681640625
328,40.4287602519993,-79.9800007046014,3.92000007629395,-0.0449066162109375,-1.06733703613281,-0.0482330322265625
329,40.4287612159182,-79.9800328911096,2.02999997138977,-0.068450927734375,-1.00541687011719,0.0019683837890625
330,40.4287622636561,-79.9800468888879,0.540000021457672,-0.0411834716796875,-0.994918823242188,0.0265350341796875
331,40.4287622636561,-79.9800468888879,0.0,0.04193115234375,-0.9896240234375,0.116775512695312
332,40.4287622636561,-79.9800468888879,0.0,0.03302001953125,-0.9947509765625,0.106521606445312
333,40.4287622636561,-79.9800468888879,0.0,0.037445068359375,-0.99456787109375,0.11041259765625
334,40.4287622636561,-79.9800468888879,0.0,0.0386199951171875,-0.995269775390625,0.115768432617188
335,40.4287622636561,-79.9800468888879,0.0,0.0341033935546875,-0.996047973632812,0.113510131835938
336,40.4287622636561,-79.9800468888879,0.0,0.0295562744140625,-0.99774169921875,0.113082885742188
337,40.4287622636561,-79.9800468888879,0.0,0.0363616943359375,-0.990447998046875,0.106094360351562
338,40.4287622636561,-79.9800468888879,0.0,0.0364227294921875,-0.990386962890625,0.11260986328125
339,40.4287622636561,-79.9800468888879,0.0,0.03631591796875,-0.9937744140625,0.108612060546875
340,40.4287622636561,-79.9800468888879,0.0,0.0341033935546875,-0.994674682617188,0.104705810546875
341,40.4287622636561,-79.9800468888879,0.0,0.03106689453125,-0.992477416992188,0.108535766601562
342,40.4287622636561,-79.9800468888879,0.0,0.0371856689453125,-0.994857788085938,0.112197875976562
343,40.4287622636561,-79.9800468888879,0.0,0.0352935791015625,-0.993743896484375,0.113174438476562
344,40.4287622636561,-79.9800468888879,0.0,0.037353515625,-0.990493774414062,0.112991333007812
345,40.4287622636561,-79.9800468888879,0.0,0.03839111328125,-0.992965698242188,0.109970092773438
346,40.4287622636561,-79.9800468888879,0.0,0.0335235595703125,-0.995010375976562,0.1142578125
347,40.4287622636561,-79.9800468888879,0.0,0.0341949462890625,-0.992385864257812,0.111343383789062
348,40.4287622636561,-79.9800468888879,0.0,0.0418701171875,-0.999313354492188,0.1080322265625
349,40.4287622636561,-79.9800468888879,0.0,0.0383758544921875,-0.996353149414062,0.110000610351562
350,40.4287622636561,-79.9800468888879,0.0,0.036468505859375,-0.992355346679688,0.11077880859375
351,40.4287622636561,-79.9800468888879,0.0,0.035125732421875,-0.991439819335938,0.11614990234375
352,40.4287622636561,-79.9800468888879,0.0,0.0390472412109375,-0.993499755859375,0.10986328125
353,40.4287622636561,-79.9800468888879,0.0,0.0309600830078125,-0.996047973632812,0.1107177734375
354,40.4287622636561,-79.9800468888879,0.0,0.0371246337890625,-0.992507934570312,0.107666015625
355,40.4287622636561,-79.9800468888879,0.0,0.034576416015625,-0.990753173828125,0.109375
356,40.4287622636561,-79.9800468888879,0.0,0.037811279296875,-0.988876342773438,0.113571166992188
357,40.4287622636561,-79.9800468888879,0.0,0.05462646484375,-0.998779296875,0.136444091796875
358,40.4287750041489,-79.9800515827536,0.280000001192093,0.04656982421875,-0.979324340820312,0.145767211914062
359,40.4287747526918,-79.9800568633526,0.540000021457672,0.09051513671875,-1.00743103027344,0.180343627929688
360,40.4287748784203,-79.9800676760077,1.0900000333786,0.120742797851562,-0.96942138671875,0.212295532226562
361,40.4287769738961,-79.9800899718702,2.28999996185303,0.0956573486328125,-0.972213745117188,0.23345947265625
362,40.4287784826387,-79.9801252596825,3.40000009536743,0.103988647460938,-0.981582641601562,0.170318603515625
363,40.4287809553001,-79.9801733718067,4.3899998664856,0.07623291015625,-1.02946472167969,0.185699462890625
364,40.4287853138898,-79.9802307878434,5.1100001335144,0.086212158203125,-0.973129272460938,0.121749877929688
365,40.4287880799178,-79.9802916404605,5.55000019073486,0.145904541015625,-0.997940063476562,-0.0009613037109375
366,40.4287935700644,-79.9803598691523,5.90999984741211,0.0896453857421875,-1.1468505859375,-0.0065460205078125
367,40.4287969647352,-79.9804281816631,5.84999990463257,0.032623291015625,-1.09738159179688,0.130294799804688
368,40.4288006108631,-79.9804933090508,5.59000015258789,0.0355377197265625,-0.979751586914062,0.0865631103515625
369,40.4288047599051,-79.980560029,5.40999984741211,-0.0299835205078125,-1.00529479980469,0.0030364990234375
370,40.4288081545759,-79.9806223065406,5.15999984741211,0.057708740234375,-0.99957275390625,0.127090454101562
371,40.4288079450283,-79.9806786329299,4.94999980926514,0.077850341796875,-0.726028442382812,0.357391357421875
372,40.4288111720611,-79.9807497952878,5.53000020980835,0.0830841064453125,-0.845672607421875,0.218124389648438
373,40.4288158240173,-79.9808194489032,6.55000019073486,-0.273101806640625,-1.72663879394531,0.0890960693359375
374,40.4288215237115,-79.9809029326588,7.40000009536743,0.00372314453125,-0.95208740234375,0.005126953125
375,40.4288270557676,-79.980990858823,7.6399998664856,-0.08099365234375,-0.94659423828125,-0.0438232421875
376,40.4288352700327,-79.9810775277018,7.59000015258789,0.0796356201171875,-0.931381225585938,0.210769653320312
377,40.4288441967596,-79.9811722432077,7.84000015258789,0.0503997802734375,-0.935531616210938,0.292343139648438
378,40.4288479267065,-79.9812710658461,8.27000045776367,0.0299224853515625,-1.13780212402344,0.0383453369140625
379,40.4288520757485,-79.9813676253706,8.06999969482422,-0.0080413818359375,-1.02955627441406,0.155731201171875
380,40.4288545065005,-79.981461251229,7.57999992370605,-0.187591552734375,-0.972213745117188,-0.0133819580078125
381,40.4288570210714,-79.9815333355963,5.98999977111816,-0.010528564453125,-1.07684326171875,-0.0914764404296875
382,40.4288597870995,-79.9815902487188,3.98000001907349,-0.081085205078125,-0.993484497070312,-0.018310546875
383,40.4288607091088,-79.9816174060851,2.20000004768372,-0.047027587890625,-1.031982421875,0.0337982177734375
384,40.4288605414707,-79.9816267099976,0.430000007152557,0.0557861328125,-0.977142333984375,0.164260864257812
385,40.4288616311182,-79.9816377741098,0.910000026226044,0.0834197998046875,-1.00028991699219,0.241256713867188
386,40.4288633913178,-79.981654118821,1.62000000476837,0.110107421875,-0.98828125,0.185012817382812
387,40.4288684623692,-79.981680521816,2.54999995231628,0.177642822265625,-0.994552612304688,0.290786743164062
388,40.4288725275923,-79.9817231018841,4.15000009536743,0.10284423828125,-0.957687377929688,0.2197265625
389,40.4288785625626,-79.9817764107883,5.05000019073486,0.0349884033203125,-0.99603271484375,0.026702880859375
390,40.4288832983379,-79.9818403647095,5.6399998664856,0.093109130859375,-1.00898742675781,0.03399658203125
391,40.4288896685843,-79.9819044024497,5.25,-0.037017822265625,-1.1390380859375,-0.025726318359375
392,40.4288980504874,-79.9819623214006,4.82000017166138,-0.347671508789062,-0.735870361328125,0.129043579101562
393,40.4289202206213,-79.9820086733252,4.48999977111816,-0.187652587890625,-1.04237365722656,0.205307006835938
394,40.4289516527582,-79.9820263591408,3.75999999046326,-0.0385284423828125,-0.972702026367188,0.248565673828125
395,40.4289921792601,-79.982029460445,4.57000017166138,0.221725463867188,-0.951797485351562,0.302337646484375
396,40.4290473321829,-79.982024012208,6.13000011444092,0.132308959960938,-0.953903198242188,0.386993408203125
397,40.4291195841883,-79.982016133219,8.06999969482422,0.108184814453125,-1.00846862792969,0.210342407226562
398,40.4292017268393,-79.9820069131255,9.46000003814697,0.0152740478515625,-1.03512573242188,0.084259033203125
399,40.4292864678804,-79.9819933344424,9.64000034332275,-0.227798461914062,-1.0306396484375,-0.0679931640625
400,40.4293562053148,-79.9819862098247,6.88000011444092,-0.133743286132812,-1.08372497558594,-0.10552978515625
401,40.4294017609585,-79.9819810130447,5.07999992370605,-0.147293090820312,-1.10719299316406,-0.15142822265625
402,40.4294254817445,-79.9819815997779,2.07999992370605,-0.089569091796875,-0.954025268554688,0.0166015625
403,40.4294341151048,-79.9819821026921,0.239999994635582,-0.008392333984375,-1.00033569335938,0.114913940429688
404,40.4294341151048,-79.9819821026921,0.0,-0.0177154541015625,-1.00631713867188,0.0829620361328125
405,40.429436001033,-79.9819794204831,0.280000001192093,-0.0496063232421875,-1.00138854980469,0.01910400390625
406,40.4294253141064,-79.9819801748544,1.17999994754791,-0.0850067138671875,-0.973297119140625,0.03924560546875
407,40.429410813414,-79.9819801748544,1.83000004291534,-0.01849365234375,-0.996475219726562,0.0751953125
408,40.4293947620694,-79.9819820188731,0.930000007152557,0.000762939453125,-1.00680541992188,0.184494018554688
409,40.4293769086156,-79.9819858745485,0.899999976158142,-0.0055694580078125,-0.989791870117188,0.124237060546875
410,40.4293570854146,-79.9819901493191,1.89999997615814,0.0599517822265625,-0.99658203125,0.1934814453125
411,40.4293419141699,-79.9819920771569,1.50999999046326,0.0169525146484375,-0.992691040039062,0.147079467773438
412,40.4293319397051,-79.9819919095188,1.23000001907349,0.004150390625,-0.971450805664062,0.113632202148438
413,40.4293199954931,-79.9819919933378,1.12000000476837,0.100143432617188,-0.98883056640625,0.2633056640625
414,40.4293199954931,-79.9819919933378,0.0,0.0102691650390625,-1.00160217285156,0.130966186523438
415,40.4293199954931,-79.9819919933378,0.0,0.043182373046875,-0.989334106445312,0.16119384765625
416,40.4293181514744,-79.9819912389666,0.370000004768372,0.105148315429688,-0.974624633789062,0.290557861328125
417,40.4293310176958,-79.9819884729385,1.99000000953674,-0.03533935546875,-0.951278686523438,0.129470825195312
418,40.4293557862196,-79.9819852878153,2.84999990463257,0.04437255859375,-1.0283203125,0.13653564453125
419,40.4293794650961,-79.9819849525392,2.69000005722046,0.09588623046875,-1.02046203613281,0.252593994140625
420,40.4294217098881,-79.9819774926454,4.51000022888184,0.036773681640625,-0.955474853515625,0.146575927734375
421,40.4294616496567,-79.9819714576751,4.90000009536743,0.084686279296875,-1.07313537597656,0.108963012695312
422,40.4295056546483,-79.9819676858186,5.36999988555908,-0.055023193359375,-0.687164306640625,0.331558227539062
423,40.4295556527008,-79.9819596391916,5.76999998092651,0.0802459716796875,-0.934036254882812,0.129425048828125
424,40.4296056507532,-79.9819510896504,5.61999988555908,-0.129638671875,-0.97161865234375,-0.0110626220703125
425,40.4296530085061,-79.9819431268424,4.67999982833862,-0.104843139648438,-0.968765258789062,0.01068115234375
426,40.4296861170236,-79.9819329009205,3.50999999046326,-0.0817413330078125,-1.00187683105469,0.02130126953125
427,40.4297096701715,-79.9819256924838,2.3199999332428,-0.038299560546875,-0.967254638671875,0.211868286132812
428,40.4297262663398,-79.9819163047522,2.39000010490417,-0.048095703125,-0.969146728515625,0.18243408203125
429,40.4297449998934,-79.9818934221565,2.90000009536743,-0.2066650390625,-1.08279418945312,0.246963500976562
430,40.4297602130477,-79.9818645045906,3.11999988555908,-0.182830810546875,-1.03575134277344,0.227554321289062
431,40.429763733447,-79.9818249420076,3.9300000667572,0.103271484375,-1.04632568359375,0.319122314453125
432,40.4297622247044,-79.9817712140083,5.1100001335144,-0.040435791015625,-0.9554443359375,0.162750244140625
433,40.4297543038059,-79.9816974532604,6.73000001907349,0.163284301757812,-0.938507080078125,0.262191772460938
434,40.429749107026,-79.9816133827716,7.73000001907349,0.0008544921875,-0.887893676757812,0.193939208984375
435,40.4297448322553,-79.9815209303796,8.27000045776367,0.061370849609375,-0.88092041015625,0.219451904296875
436,40.4297359893475,-79.9814226106554,8.27999973297119,0.06561279296875,-0.845565795898438,0.124969482421875
437,40.4297257634256,-79.9813313317299,7.57000017166138,0.066680908203125,-1.20387268066406,0.0013580322265625
438,40.429714908861,-79.9812531285733,6.3600001335144,0.095245361328125,-1.05349731445312,0.0139312744140625
439,40.4297051020343,-79.9811835587769,6.15999984741211,0.156829833984375,-0.659515380859375,0.3089599609375
440,40.4297073232387,-79.9811144080758,6.01999998092651,0.0971221923828125,-0.906143188476562,0.121871948242188
441,40.4297128133852,-79.9810469337553,5.67999982833862,-0.034759521484375,-1.07501220703125,0.187713623046875
442,40.4297150764991,-79.9809777830541,6.03000020980835,0.279129028320312,-0.735855102539062,0.108551025390625
443,40.4297141544897,-79.9809026812017,6.42999982833862,0.0220489501953125,-1.04301452636719,0.092010498046875
444,40.4297083709765,-79.980826824978,6.44000005722046,0.0156097412109375,-0.957504272460938,0.196197509765625
445,40.4297016235445,-79.9807562493533,6.17000007629395,0.067108154296875,-0.79541015625,0.155288696289062
446,40.4296925291796,-79.9806829077005,6.13000011444092,-0.144332885742188,-1.01815795898438,-0.0582275390625
447,40.429685656019,-79.9806229770928,4.51000022888184,-0.266647338867188,-1.09721374511719,-0.140960693359375
448,40.4296819679816,-79.9805953168124,1.41999995708466,-0.0360260009765625,-0.99932861328125,0.0515899658203125
449,40.4296809621532,-79.9805881083756,0.259999990463257,0.068115234375,-0.97869873046875,0.241928100585938
450,40.4296768969301,-79.9805772119015,1.21000003814697,0.03125,-0.975326538085938,0.244613647460938
451,40.4296696465839,-79.9805569276958,2.19000005722046,-0.12640380859375,-0.956939697265625,0.24639892578125
452,40.4296470154453,-79.980533542186,3.0,-0.102294921875,-0.930313110351562,0.280166625976562
453,40.4296193132554,-79.9805193767696,3.76999998092651,0.0955352783203125,-0.948837280273438,0.256301879882812
454,40.4295807984103,-79.9805134256184,4.69000005722046,0.025787353515625,-0.908416748046875,0.299697875976562
455,40.4295345722143,-79.980512503609,5.75,-0.0545501708984375,-0.98956298828125,0.142578125
456,40.4294811375816,-79.9805165269226,6.05000019073486,0.10028076171875,-0.989227294921875,0.12493896484375
457,40.4294239310924,-79.9805235677212,6.28000020980835,-0.0004730224609375,-1.03939819335938,0.0687408447265625
458,40.4293697001789,-79.9805301056057,5.73999977111816,-0.05865478515625,-0.974868774414062,-0.0174407958984375
459,40.4293246893589,-79.9805333745479,4.51000022888184,-0.137039184570312,-0.997161865234375,0.0369720458984375
460,40.4292903235559,-79.9805394933372,2.86999988555908,-0.098175048828125,-0.985748291015625,0.085601806640625
461,40.4292722605545,-79.9805477076024,1.96000003814697,-0.10833740234375,-0.966567993164062,0.201492309570312
462,40.4292596038807,-79.9805644714087,2.15000009536743,-0.075439453125,-1.01956176757812,0.264877319335938
463,40.4292508867014,-79.980594310984,3.19000005722046,0.105819702148438,-0.962142944335938,0.205886840820312
464,40.4292469052974,-79.9806374777853,4.07000017166138,0.061676025390625,-0.851348876953125,0.186569213867188
465,40.4292453965549,-79.9806911219656,4.78000020980835,0.0106201171875,-1.15074157714844,0.111114501953125
466,40.4292467795689,-79.9807505496591,4.86999988555908,0.0077667236328125,-1.06355285644531,0.0658111572265625
467,40.4292473243926,-79.98080587022,4.6100001335144,-0.0322265625,-0.910903930664062,0.21588134765625
468,40.4292494198684,-79.9808603525907,4.30000019073486,-0.0957489013671875,-1.15924072265625,-0.0055999755859375
469,40.4292557901148,-79.9809079618007,4.05000019073486,-0.0786590576171875,-0.991104125976562,0.213409423828125
470,40.4292650521178,-79.9809568282962,4.40000009536743,0.0858154296875,-0.975845336914062,0.11260986328125
471,40.4292699974407,-79.9810100533813,4.90999984741211,0.11395263671875,-0.971649169921875,0.223052978515625
472,40.4292731825639,-79.9810733367502,5.42999982833862,-0.411285400390625,-0.77783203125,0.353302001953125
473,40.4292773735155,-79.9811521266401,7.0,0.326995849609375,-0.926071166992188,0.17333984375
474,40.4292824445669,-79.9812438246608,8.77000045776367,0.14178466796875,-1.07115173339844,0.205413818359375
475,40.4292904073749,-79.9813454133272,8.46000003814697,-0.04071044921875,-1.24134826660156,0.122482299804688
476,40.4292974481736,-79.9814564735442,9.30000019073486,-0.02325439453125,-1.006103515625,0.4130859375
477,40.4293044470627,-79.9815551285445,9.0,0.08721923828125,-1.26290893554688,0.0679168701171875
478,40.4293112783138,-79.981659483239,8.84000015258789,-0.378448486328125,-1.51603698730469,-0.118988037109375
479,40.4293168522794,-79.9817577191442,8.03999996185303,-0.209945678710938,-0.928680419921875,0.14544677734375
480,40.4293227615211,-79.9818384368717,6.32000017166138,-0.344161987304688,-0.848846435546875,-0.0485382080078125
481,40.429327790663,-79.9818985351175,4.15000009536743,-0.141006469726562,-0.993179321289062,-0.0351409912109375
482,40.4293307243292,-79.9819329009205,2.28999996185303,-0.159164428710938,-1.02354431152344,-0.123123168945312
483,40.4293336999048,-79.9819453899562,0.230000004172325,0.063507080078125,-0.977157592773438,0.225021362304688
484,40.4293360468377,-79.9819520116597,0.829999983310699,-0.0023956298828125,-0.939987182617188,0.241134643554688
485,40.429340950251,-79.9819695298373,1.95000004768372,-0.050506591796875,-0.907089233398438,0.221847534179688
486,40.4293535231058,-79.981989646405,2.45000004768372,-0.12579345703125,-0.97967529296875,0.244064331054688
487,40.4293825244908,-79.9819992855936,3.63000011444092,-0.054473876953125,-0.994735717773438,0.316238403320312
488,40.4294268647585,-79.9820000399649,5.57999992370605,0.0368499755859375,-1.0145263671875,0.244232177734375
489,40.4294898966704,-79.9819946755469,7.21999979019165,0.021575927734375,-1.11119079589844,0.0566253662109375
490,40.4295557784293,-79.9819867965579,7.48999977111816,-0.166824340820312,-0.880142211914062,0.0349273681640625
491,40.429614493661,-79.9819779117405,6.55000019073486,-0.2213134765625,-0.981735229492188,-0.07049560546875
492,40.4296614323188,-79.9819655065238,4.6399998664856,-0.105850219726562,-1.03303527832031,-0.0339813232421875
493,40.4296916071702,-79.9819525983929,2.75999999046326,0.0045013427734375,-0.994171142578125,0.128707885742188
494,40.4297103826333,-79.9819437135756,1.94000005722046,-0.0274658203125,-1.04156494140625,0.165145874023438
495,40.4297276493538,-79.9819328171015,2.21000003814697,-0.020782470703125,-0.95928955078125,0.241073608398438
496,40.4297427786891,-79.9819150474667,2.51999998092651,-0.0607147216796875,-0.907806396484375,0.347122192382812
497,40.4297548067201,-79.9818846211582,3.32999992370605,0.102401733398438,-0.826156616210938,0.162322998046875
498,40.4297562316437,-79.9818351679295,4.78000020980835,-0.05572509765625,-0.89349365234375,0.309616088867188
499,40.4297532141585,-79.9817542825639,7.36999988555908,0.129104614257812,-1.06048583984375,0.291793823242188
500,40.4297462571789,-79.9816534482687,9.10999965667725,-0.129196166992188,-0.9388427734375,0.10614013671875
501,40.4297396773849,-79.9815388676524,10.460000038147,-0.363723754882812,-0.685134887695312,0.233688354492188
502,40.4297375399996,-79.9814208504557,10.3800001144409,-0.0645599365234375,-1.12480163574219,0.17919921875
503,40.4297327623148,-79.9812957086414,10.6199998855591,0.01873779296875,-0.520309448242188,0.41644287109375
504,40.4297250509639,-79.9811710697412,11.0100002288818,-0.005706787109375,-0.880050659179688,-0.039825439453125
505,40.4297144897659,-79.9810380489379,10.9399995803833,0.210586547851562,-0.865371704101562,0.7244873046875
506,40.4297062755008,-79.9809121527523,10.3599996566772,-0.51336669921875,-1.063232421875,0.0346527099609375
507,40.4296978097786,-79.9808055349439,8.56999969482422,-0.173141479492188,-1.29075622558594,-0.0297698974609375
508,40.4296916909892,-79.9807209615409,6.34999990463257,-0.286697387695312,-1.24517822265625,-0.177825927734375
509,40.429688505866,-79.9806674849987,4.01999998092651,-0.0303955078125,-1.0428466796875,0.0038909912109375
510,40.4296886735041,-79.9806343764811,2.3199999332428,-0.0559539794921875,-1.02113342285156,0.012847900390625
511,40.4296862427522,-79.9806166068464,0.730000019073486,0.07867431640625,-0.977752685546875,0.2266845703125
512,40.4296855721999,-79.9806007650494,1.33000004291534,0.133544921875,-0.96600341796875,0.258316040039062
513,40.4296836862717,-79.9805720989406,3.36999988555908,0.149978637695312,-0.95672607421875,0.288986206054688
514,40.4296810040627,-79.9805168621987,5.19999980926514,-0.0596160888671875,-0.950775146484375,0.28216552734375
515,40.4296769807492,-79.9804446940124,6.86999988555908,-0.0334320068359375,-0.963714599609375,0.126190185546875
516,40.4296706105028,-79.9803654012084,7.01999998092651,0.105880737304688,-1.00982666015625,-0.105575561523438
517,40.4296663357321,-79.9802765530348,7.86999988555908,0.561325073242188,-1.15872192382812,0.377777099609375
518,40.4296612227712,-79.9801756349206,8.97000026702881,0.09210205078125,-0.72332763671875,0.076263427734375
519,40.4296600912143,-79.9800680112838,9.60999965667725,-0.092987060546875,-1.21826171875,-0.008636474609375
520,40.4296563612674,-79.9799597170949,9.39000034332275,-0.0504913330078125,-1.2745361328125,0.010345458984375
521,40.4296515835826,-79.9798503332585,9.31999969482422,-0.380203247070312,-0.877471923828125,0.249237060546875
522,40.4296461353455,-79.9797400274127,9.46000003814697,0.369857788085938,-1.10459899902344,0.270736694335938
523,40.4296375019852,-79.9796276260912,9.46000003814697,-0.11553955078125,-0.919357299804688,0.118698120117188
524,40.4296316765625,-79.9795171526074,9.14000034332275,0.118270874023438,-1.16717529296875,0.0019378662109375
525,40.4296260606874,-79.9794140551984,8.65999984741211,0.033966064453125,-0.96044921875,-0.0015716552734375
526,40.429591841924,-79.9793240690918,7.46000003814697,-0.284591674804688,-1.30018615722656,-0.164703369140625
527,40.4295875938466,-79.9792535367043,5.21000003814697,-0.0861053466796875,-1.02259826660156,-0.0368499755859375
528,40.429585499851,-79.9792187693259,2.75,-0.0131072998046875,-1.00193786621094,0.175018310546875
529,40.429583839817,-79.9791912071727,1.88999998569489,-0.0453338623046875,-0.950332641601562,0.235458374023438
530,40.4295821536463,-79.9791632110612,3.60999989509583,-0.229278564453125,-0.9102783203125,0.16534423828125
531,40.4295800386702,-79.9791280953373,3.85999989509583,-0.0676727294921875,-0.974090576171875,0.340866088867188
532,40.4295124352852,-79.9790555193174,4.69000005722046,0.20648193359375,-1.02273559570312,0.337371826171875
533,40.4294637370046,-79.9790600352122,5.8899998664856,-0.0474853515625,-0.949447631835938,0.190155029296875
534,40.4294025187214,-79.9790657121133,6.86999988555908,-0.081634521484375,-0.9820556640625,0.17620849609375
535,40.4293404455505,-79.97907146829,6.94999980926514,-0.094207763671875,-0.974227905273438,0.143951416015625
536,40.4292805946106,-79.9790770183944,6.40000009536743,-0.21661376953125,-0.988616943359375,0.067474365234375
537,40.4292300305389,-79.9790817073079,4.84999990463257,-0.190505981445312,-1.01052856445312,0.10980224609375
538,40.4291983005529,-79.9790846496968,3.48000001907349,-0.163970947265625,-0.992385864257812,0.0865478515625
539,40.4291983005529,-79.9790846496968,3.48000001907349,-0.2900390625,-0.936172485351562,0.2174072265625
540,40.4291486164121,-79.9792133013097,2.94000005722046,0.0807647705078125,-0.905242919921875,0.218292236328125
541,40.4291509736228,-79.9792535971612,3.79999995231628,-0.0802001953125,-0.9609375,0.120803833007812
542,40.4291538061118,-79.979302017763,4.3899998664856,0.0157623291015625,-1.06692504882812,0.066375732421875
543,40.4291566185436,-79.9793500954926,4.46000003814697,0.1134033203125,-0.988449096679688,0.200027465820312
544,40.4291594954559,-79.9793992754968,4.36999988555908,0.0562744140625,-0.97503662109375,0.0807342529296875
545,40.4291627499673,-79.9794549104528,4.21000003814697,0.104293823242188,-1.00711059570312,0.0765380859375
546,40.4291664116608,-79.9795175060707,4.36999988555908,-0.0007781982421875,-0.9852294921875,0.115875244140625
547,40.4291685503496,-79.9795540663533,3.76999998092651,0.112106323242188,-1.12643432617188,0.183609008789062
548,40.4292170238126,-79.9795884826034,3.86999988555908,-0.011322021484375,-0.921279907226562,0.3011474609375
549,40.4292155988891,-79.9796302244812,4.1100001335144,-0.0115966796875,-0.980545043945312,0.157516479492188
550,40.4292176943649,-79.9796786718815,4.30000019073486,0.0746002197265625,-1.02276611328125,0.13134765625
551,40.4292220948641,-79.9797318131476,4.71000003814697,0.101150512695312,-0.93243408203125,0.2786865234375
552,40.4292270401869,-79.9797934201359,5.69999980926514,0.05230712890625,-0.970184326171875,0.138900756835938
553,40.4292321531479,-79.9798591342568,5.3600001335144,0.0233612060546875,-0.985671997070312,-0.056976318359375
554,40.4292288842056,-79.9799245969206,5.30999994277954,0.017974853515625,-0.942367553710938,0.0989990234375
555,40.4292338295285,-79.979983856976,5.59000015258789,-0.014312744140625,-0.932769775390625,0.20208740234375
556,40.4292380623896,-79.9800513312965,6.03000020980835,0.110977172851562,-0.915390014648438,0.08197021484375
557,40.4292418761555,-79.9801219907403,6.09000015258789,0.0198211669921875,-0.960693359375,0.13421630859375
558,40.4292472405736,-79.9801922310889,6.05999994277954,0.057159423828125,-0.820037841796875,0.195556640625
559,40.4292540718247,-79.9802602921426,5.84999990463257,-0.27789306640625,-0.855850219726562,0.103179931640625
560,40.4292593105141,-79.9803261739015,5.71000003814697,0.067596435546875,-0.936492919921875,0.0880279541015625
561,40.4292606935282,-79.9803918042034,5.59000015258789,-0.07421875,-0.998687744140625,0.0117034912109375
562,40.429265555032,-79.9804446101933,4.25,-0.0912322998046875,-0.96966552734375,0.03314208984375
563,40.429265555032,-79.9804797303676,2.40000009536743,0.0771484375,-0.936767578125,0.20703125
564,40.4292658903081,-79.9805161916464,2.99000000953674,0.0686798095703125,-0.968307495117188,0.257034301757812
565,40.4292640881989,-79.9805606995523,4.59999990463257,0.058258056640625,-1.091552734375,0.264556884765625
566,40.4292640881989,-79.9806245696544,5.59999990463257,0.1292724609375,-1.36935424804688,0.230514526367188
567,40.4292670637746,-79.980692211613,5.69999980926514,-0.187286376953125,-1.03512573242188,-0.09716796875
568,40.429272302464,-79.980742419213,4.30000019073486,0.194076538085938,-1.04705810546875,-0.0264434814453125
569,40.4292718833689,-79.9807958119362,4.09000015258789,0.0292816162109375,-0.92572021484375,0.0141143798828125
570,40.4292713804547,-79.9808434211462,3.84999990463257,0.001617431640625,-0.874588012695312,0.386962890625
571,40.4292730149258,-79.9808855821192,3.5699999332428,-0.075836181640625,-1.03511047363281,0.24578857421875
572,40.4292776668821,-79.9809264019876,3.36999988555908,0.1109619140625,-0.96832275390625,0.108489990234375
573,40.4292865516994,-79.9809664674848,3.48000001907349,0.110885620117188,-0.964935302734375,0.15386962890625
574,40.4292909102891,-79.9810107239336,3.88000011444092,-0.0080413818359375,-1.09011840820312,0.153366088867188
575,40.4292976996307,-79.9810589198768,4.21999979019165,0.165115356445312,-1.00169372558594,0.17816162109375
576,40.4293008428443,-79.98111491099,4.51999998092651,0.03302001953125,-0.927139282226562,0.279129028320312
577,40.429303986058,-79.9811654538661,4.21000003814697,-0.005157470703125,-1.06526184082031,0.08343505859375
578,40.4293058719863,-79.9812133983522,4.0,0.294387817382812,-1.16342163085938,-0.128219604492188
579,40.4293075483669,-79.9812595826387,3.83999991416931,-0.203018188476562,-0.68707275390625,0.385025024414062
580,40.4293101048474,-79.9813058507442,3.61999988555908,-0.094146728515625,-0.888763427734375,0.295745849609375
581,40.4293100210283,-79.9813468382507,3.38000011444092,-0.04827880859375,-1.02967834472656,0.125091552734375
582,40.4293158883605,-79.9813913461566,3.75999999046326,0.032562255859375,-0.99383544921875,0.127853393554688
583,40.4293191992123,-79.9814390391856,4.21000003814697,0.022552490234375,-1.01553344726562,0.0394439697265625
584,40.4293228872497,-79.9814912584424,4.57000017166138,-0.0970306396484375,-0.902313232421875,0.0426177978515625
585,40.429325024635,-79.9815370236337,4.3600001335144,-0.130615234375,-0.760589599609375,0.209060668945312
586,40.42932892222,-79.9815872312337,4.32000017166138,-0.04290771484375,-0.987274169921875,0.108123779296875
587,40.4293278325726,-79.9816304818541,4.23999977111816,-0.096771240234375,-0.953170776367188,0.209259033203125
588,40.4293293832246,-79.9816821981966,4.19999980926514,-0.001434326171875,-0.997543334960938,0.15020751953125
589,40.4293345380951,-79.9817309808731,4.17000007629395,0.0322265625,-1.0574951171875,0.116241455078125
590,40.4293381004039,-79.9817785062641,4.11999988555908,-0.114089965820312,-0.942794799804688,0.175003051757812
591,40.429342333265,-79.9818270374834,4.17000007629395,0.102813720703125,-0.933685302734375,-0.0335540771484375
592,40.429346063212,-79.9818697013706,3.97000002861023,0.0315093994140625,-1.14097595214844,0.12066650390625
593,40.4293533973772,-79.9819152151048,3.60999989509583,-0.227462768554688,-1.03688049316406,-0.11376953125
594,40.4293554509435,-79.9819404446333,1.45000004768372,-0.0350189208984375,-0.990737915039062,0.03143310546875
595,40.4293564567719,-79.9819494132697,0.360000014305115,0.010528564453125,-0.985748291015625,0.171279907226562
596,40.4293577559669,-79.9819549453258,0.560000002384186,-0.0124359130859375,-1.01564025878906,0.0677032470703125
597,40.4293590970714,-79.9819597230106,0.159999996423721,0.02313232421875,-0.976211547851562,0.167694091796875
598,40.429360689633,-79.9819645006954,0.389999985694885,0.0713653564453125,-1.00138854980469,0.161895751953125
599,40.4293662216891,-79.9819733016938,0.850000023841858,0.003997802734375,-0.983779907226562,0.279022216796875
600,40.4293756513302,-79.9819801748544,1.62999999523163,-0.035125732421875,-1.00294494628906,0.27294921875
601,40.4294057842721,-79.9819909875095,3.11999988555908,-0.0961456298828125,-1.02978515625,0.227310180664062
602,40.4294442152981,-79.9819953460991,4.55000019073486,0.08477783203125,-0.896438598632812,0.147216796875
603,40.4294909444083,-79.9819919933378,5.84000015258789,0.0501251220703125,-1.04183959960938,0.1778564453125
604,40.4295520065729,-79.9819852039963,7.19000005722046,0.027130126953125,-0.97100830078125,0.079620361328125
605,40.4296159185846,-79.9819779955595,7.44000005722046,-0.166732788085938,-0.95635986328125,-0.0737152099609375
606,40.4296666710083,-79.9819752295315,5.42000007629395,-0.20587158203125,-1.05061340332031,-0.027435302734375
607,40.429702964649,-79.9819643330574,3.71000003814697,-0.129180908203125,-0.985549926757812,0.0105133056640625
608,40.4297203151886,-79.981955532059,1.99000000953674,-0.0088348388671875,-0.999740600585938,0.069122314453125
609,40.4297355702523,-79.981944803223,1.46000003814697,0.008575439453125,-0.971694946289062,0.28692626953125
610,40.4297502804924,-79.9819306378066,2.75999999046326,-0.0962677001953125,-1.02043151855469,0.239669799804688
611,40.4297653260086,-79.9819010496884,3.42000007629395,-0.139892578125,-0.887893676757812,0.320816040039062
612,40.4297717381645,-79.9818567094207,4.01999998092651,0.0028839111328125,-1.085693359375,0.364089965820312
613,40.4297718638931,-79.9817974493652,5.42999982833862,0.0847015380859375,-1.11384582519531,0.300064086914062
614,40.4297655774657,-79.9817209225893,6.98999977111816,-0.054656982421875,-0.911788940429688,0.264434814453125
615,40.429758452848,-79.9816325773298,8.03999996185303,0.054962158203125,-0.8829345703125,0.248382568359375
616,40.4297521245111,-79.9815366045385,8.85999965667725,0.0540618896484375,-1.00653076171875,0.22747802734375
617,40.4297443293412,-79.981424287036,9.4399995803833,0.0382080078125,-0.946304321289062,0.1424560546875
618,40.4297339357812,-79.9813141488284,9.60999965667725,-0.12841796875,-0.928680419921875,0.05181884765625
619,40.429726853073,-79.9812009093165,9.59000015258789,-0.083770751953125,-0.68585205078125,0.100296020507812
620,40.4297209857408,-79.981088591814,9.35999965667725,-0.051910400390625,-0.968490600585938,0.192886352539062
621,40.4297131486614,-79.9809810519963,9.25,0.024322509765625,-0.957290649414062,0.0243682861328125
622,40.4297071975101,-79.9808784575015,8.75,-0.186492919921875,-1.00909423828125,0.0771026611328125
623,40.4296979774166,-79.9807912857085,7.07999992370605,-0.08782958984375,-1.04122924804688,-0.026092529296875
624,40.4296906851609,-79.9807252363115,5.42000007629395,-0.0962066650390625,-1.07078552246094,-0.168533325195312
625,40.4296841891859,-79.9806734361499,3.51999998092651,-0.087158203125,-1.00471496582031,-0.0155181884765625
626,40.4296799982343,-79.9806459435075,1.9099999666214,-0.047821044921875,-1.0048828125,0.0477294921875
627,40.4296794534106,-79.9806289282441,1.11000001430511,-0.0108795166015625,-1.04249572753906,0.0893096923828125
628,40.4296785733108,-79.9806144275516,1.11000001430511,0.00836181640625,-0.988494873046875,0.137908935546875
629,40.429679076225,-79.9806025252491,0.920000016689301,-0.030426025390625,-1.00103759765625,0.07977294921875
630,40.4296781123061,-79.9805961550027,0.360000014305115,0.0038299560546875,-0.998779296875,0.103683471679688
631,40.4296761425589,-79.9805887789279,0.270000010728836,0.0662078857421875,-1.00027465820312,0.212005615234375
632,40.4296744661782,-79.9805795588344,1.13999998569489,0.107681274414062,-0.9613037109375,0.291671752929688
633,40.4296738375355,-79.9805555027723,2.86999988555908,0.163589477539062,-0.927871704101562,0.261642456054688
634,40.4296709457789,-79.9805063010007,4.65999984741211,0.320541381835938,-1.14614868164062,0.344741821289062
635,40.4296666290988,-79.9804412574321,6.19000005722046,0.0485992431640625,-0.965988159179688,0.265289306640625
636,40.4296591272954,-79.9803532474488,7.67000007629395,-0.023956298828125,-0.767776489257812,0.248016357421875
637,40.4296533856917,-79.9802576937526,8.44999980926514,0.0828704833984375,-1.30508422851562,0.235321044921875
638,40.4296483565498,-79.9801566080004,8.94999980926514,-0.308990478515625,-0.99072265625,-0.0597686767578125
639,40.4296426568557,-79.9800557737052,8.93000030517578,0.0615386962890625,-1.15666198730469,0.0915679931640625
640,40.4296377115328,-79.9799484853446,8.77999973297119,0.275848388671875,-1.03778076171875,-0.0384063720703125
641,40.4296319699291,-79.9798480701446,8.40999984741211,0.201171875,-1.2833251953125,0.0549468994140625
642,40.4296260606874,-79.9797520973533,8.3100004196167,0.0215911865234375,-0.974029541015625,0.17242431640625
643,40.4296200257171,-79.9796563760191,8.27000045776367,-0.162002563476562,-1.04757690429688,0.1453857421875
644,40.4296163376797,-79.9795597326755,8.25,0.16015625,-1.11883544921875,0.233963012695312
645,40.4296095902477,-79.9794650171697,8.14999961853027,0.111190795898438,-1.04757690429688,0.0039520263671875
646,40.4295950011684,-79.9793765231862,7.44000005722046,-0.045562744140625,-1.06504821777344,-0.0689849853515625
647,40.4295903758974,-79.9792997281136,5.96000003814697,-0.103958129882812,-0.769744873046875,-0.063995361328125
648,40.4295871977781,-79.9792469606332,3.98000001907349,-0.175796508789062,-0.93798828125,-0.037384033203125
649,40.4295852529262,-79.9792146695439,1.99000000953674,0.0738525390625,-1.01675415039062,0.105010986328125
650,40.4295843271231,-79.9791992980946,1.32000005245209,0.116180419921875,-0.961639404296875,0.227310180664062
651,40.4295826348064,-79.9791711999401,2.60999989509583,0.140289306640625,-0.962066650390625,0.199050903320312
652,40.4295800302075,-79.9791279548292,4.40999984741211,0.109375,-0.8858642578125,0.159912109375
653,40.4295761019347,-79.9790627322739,5.69000005722046,0.116287231445312,-0.988571166992188,0.149917602539062
654,40.429575339382,-79.9790500713321,6.6399998664856,0.0757293701171875,-1.03182983398438,0.225418090820312
655,40.429575339382,-79.9790500713321,7.38000011444092,0.104263305664062,-0.926788330078125,0.359710693359375
656,40.4295631647393,-79.9788127214455,8.25,-0.00390625,-0.926971435546875,0.167617797851562
657,40.4295579709312,-79.978711437404,9.01000022888184,-0.15289306640625,-0.9228515625,0.288055419921875
658,40.4295522721572,-79.9786003060621,9.47999954223633,0.0940704345703125,-1.03646850585938,0.247329711914062
659,40.4295463194574,-79.9784842229348,9.97999954223633,-0.093963623046875,-1.024169921875,0.234451293945312
660,40.4295400382476,-79.9783617335597,10.539999961853,0.0887603759765625,-1.09767150878906,0.0847015380859375
661,40.429533760498,-79.9782393116613,10.5900001525879,-0.14007568359375,-1.10771179199219,0.119033813476562
662,40.4295272969527,-79.9781132665753,10.2799997329712,-0.114334106445312,-0.98974609375,-0.074462890625
663,40.4295219498007,-79.9780089921865,8.72000026702881,0.046844482421875,-1.13179016113281,0.12322998046875
664,40.4295171853911,-79.9779160818117,7.53999996185303,-0.037811279296875,-1.17243957519531,0.0489654541015625
665,40.429513101958,-79.9778364511053,6.03999996185303,-0.149612426757812,-0.868927001953125,-0.0831298828125
666,40.4295101056984,-79.9777780212835,4.3899998664856,-0.124420166015625,-0.994216918945312,-0.0062408447265625
667,40.4295079446242,-79.9777358783482,3.04999995231628,-0.0839691162109375,-1.01589965820312,-0.0268707275390625
668,40.4295067209065,-79.9777120147251,2.04999995231628,-0.0394287109375,-1.041015625,0.0109710693359375
669,40.4295059072777,-79.9776961482138,0.959999978542328,-0.0193023681640625,-1.00367736816406,0.062530517578125
670,40.4295054915955,-79.9776880420287,0.469999998807907,0.01934814453125,-0.984481811523438,0.147781372070312
671,40.429511480071,-79.9776786659658,0.850000023841858,-0.024139404296875,-1.01751708984375,0.060943603515625
672,40.4295084206764,-79.977668607682,0.879999995231628,-0.0247039794921875,-0.987197875976562,0.104537963867188
673,40.429506031834,-79.9776603095978,0.779999971389771,0.0764923095703125,-0.977218627929688,0.2459716796875
674,40.4295007093255,-79.9776432943344,1.9099999666214,0.006317138671875,-1.01275634765625,0.217971801757812
675,40.4294818919529,-79.9776140414923,3.19000005722046,0.073211669921875,-0.967742919921875,0.236846923828125
676,40.429454525039,-79.9775897339731,3.75999999046326,-0.224639892578125,-1.0050048828125,0.179351806640625
677,40.4294180637602,-79.9775800109654,4.26999998092651,-0.00189208984375,-1.0870361328125,0.239242553710938
678,40.4293679942784,-79.9775295662488,5.44000005722046,-0.0622100830078125,-1.0604248046875,0.154800415039062
679,40.4293203878517,-79.9775343554016,5.5,-0.0709075927734375,-0.886383056640625,0.0880889892578125
680,40.4292786943536,-79.9775385497205,5.11999988555908,0.0334320068359375,-0.973037719726562,0.0863800048828125
681,40.4292295904371,-79.9775434895191,4.90000009536743,-0.034454345703125,-1.01608276367188,0.220184326171875
682,40.4291812409507,-79.9775483534229,5.44000005722046,-0.01171875,-0.98046875,0.129989624023438
683,40.4291289994019,-79.9775536088638,5.3600001335144,0.0110626220703125,-0.985427856445312,0.084930419921875
684,40.4290802867582,-79.9775585093008,5.3600001335144,0.167083740234375,-1.240234375,0.37353515625
685,40.4290437246547,-79.9775621874071,5.28999996185303,0.0861053466796875,-1.09895324707031,0.132797241210938
686,40.4290437246547,-79.9775621874071,5.30999994277954,-0.123794555664062,-0.839248657226562,0.252731323242188
687,40.4290436385113,-79.9775621960731,5.0,0.03887939453125,-0.932830810546875,0.123184204101562
688,40.4288992235818,-79.9775792831913,5.19999980926514,0.047027587890625,-0.957839965820312,0.10675048828125
689,40.42884807854,-79.9775853362488,4.96000003814697,-0.0775909423828125,-0.945343017578125,0.155532836914062
690,40.4288016225914,-79.9775908343482,4.84000015258789,-0.0288543701171875,-1.03193664550781,0.0606689453125
691,40.4287641336411,-79.9775952711961,4.09999990463257,-0.0484161376953125,-1.01313781738281,-0.001617431640625
692,40.4287342393815,-79.9775988092061,2.65000009536743,-0.114608764648438,-1.01023864746094,-0.00732421875
693,40.428723107459,-79.9776001266782,0.790000021457672,0.040191650390625,-1.00265502929688,0.129241943359375
694,40.4287213241185,-79.977600337738,0.0,0.04541015625,-1.02085876464844,0.137863159179688
695,40.4287232963284,-79.9776001043254,0.0,0.041717529296875,-0.987518310546875,0.136566162109375
696,40.4287252912436,-79.9775998682255,0.0,0.0420989990234375,-0.989059448242188,0.136810302734375
697,40.4287244174107,-79.9775999716444,0.0,0.04583740234375,-0.989151000976562,0.138427734375
698,40.4287244054555,-79.9775999730593,0.0,0.0374908447265625,-0.984161376953125,0.136550903320312
699,40.428724393514,-79.9775999744726,0.0,0.0419921875,-0.992294311523438,0.1361083984375
700,40.4287225221727,-79.9776001959473,0.0,0.0360870361328125,-0.996551513671875,0.1336669921875
